NO_OF_SAMPLES	438
FREQUENCY	400
TIME_STAMP	2020-08-07, 12:59:22.875	3700.62326688
FIRST_SAMPLE	1448
DESCRIPTION	Force data in local (force plate) coordinates
DATA_INCLUDED	Force
FORCE_PLATE_TYPE	Amti
FORCE_PLATE_MODEL	Unknown
FORCE_PLATE_NAME	7390
FORCE_PLATE_CORNER_POSX_POSY_X	586.302996
FORCE_PLATE_CORNER_POSX_POSY_Y	778.885007
FORCE_PLATE_CORNER_POSX_POSY_Z	-12.587900
FORCE_PLATE_CORNER_NEGX_POSY_X	578.343987
FORCE_PLATE_CORNER_NEGX_POSY_Y	399.753004
FORCE_PLATE_CORNER_NEGX_POSY_Z	-14.426700
FORCE_PLATE_CORNER_NEGX_NEGY_X	-1.246320
FORCE_PLATE_CORNER_NEGX_NEGY_Y	401.962012
FORCE_PLATE_CORNER_NEGX_NEGY_Z	-16.833499
FORCE_PLATE_CORNER_POSX_NEGY_X	-0.274277
FORCE_PLATE_CORNER_POSX_NEGY_Y	785.919964
FORCE_PLATE_CORNER_POSX_NEGY_Z	-14.884100
FORCE_PLATE_OFFSET_X	-0.355600
FORCE_PLATE_OFFSET_Y	-0.050800
FORCE_PLATE_OFFSET_Z	-45.389800
FORCE_PLATE_LENGTH	599.948000
FORCE_PLATE_WIDTH	400.050000
Force_X	Force_Y	Force_Z	Moment_X	Moment_Y	Moment_Z	COP_X	COP_Y	COP_Z
-53.227040	5.508511	-16.145122	1.197943	2.762258	0.441811	21.093156	-58.762807	0.000000	
-52.919189	5.464644	-16.144711	1.264524	2.779938	0.414037	23.054319	-63.011683	0.000000	
-52.523808	5.113742	-16.839880	1.177364	2.744919	0.320586	21.074105	-56.182541	0.000000	
-52.170478	4.851381	-17.360303	1.134034	2.674686	0.283059	17.309882	-52.689898	0.000000	
-51.422549	4.498500	-16.663935	1.090014	2.762919	0.181038	25.380205	-53.209191	0.000000	
-50.937179	4.055916	-16.667178	1.223246	2.815920	0.106837	29.876997	-62.397828	0.000000	
-50.496287	4.102621	-15.791144	1.067583	2.833471	0.125685	33.932909	-55.864727	0.000000	
-49.660700	3.710021	-16.133000	0.891385	2.833508	0.032414	35.559545	-44.865011	0.000000	
-49.086801	3.447941	-16.477059	0.957686	2.833389	0.032528	36.383270	-48.675070	0.000000	
-48.646052	3.406704	-16.997039	0.937045	2.710591	-0.014372	29.211702	-46.083281	0.000000	
-48.205857	3.363473	-17.518059	1.136580	2.710624	-0.032824	29.474776	-56.216430	0.000000	
-47.499722	3.236034	-17.511085	1.004276	2.622782	-0.042295	26.300603	-49.013679	0.000000	
-46.310815	3.329227	-17.502105	1.137123	2.605258	-0.051204	28.396347	-56.387464	0.000000	
-44.810637	3.249823	-16.964612	1.025940	2.534845	-0.013682	29.170542	-51.830986	0.000000	
-43.313485	3.700263	-16.075289	0.958215	2.517023	0.061388	33.922647	-49.210797	0.000000	
-41.114428	3.757350	-16.571391	1.001024	2.604181	0.090007	44.179325	-50.166015	0.000000	
-42.480928	5.792366	-16.029579	0.973659	2.567324	0.565068	39.515880	-44.390361	0.000000	
-43.714762	5.299176	-16.742707	0.931025	2.585235	0.452715	35.542470	-41.292406	0.000000	
-42.702080	5.035179	-16.221476	0.954706	2.568380	0.313292	38.490501	-44.816165	0.000000	
-40.991111	6.951604	-17.398522	1.151255	2.461434	0.602392	34.179288	-48.084956	0.000000	
-40.939306	6.868099	-17.389989	1.149242	2.355285	0.816517	28.227379	-48.210700	0.000000	
-42.355635	7.119812	-17.939007	1.308428	2.321474	0.555191	21.884194	-54.973654	0.000000	
-42.436413	7.210992	-15.140074	1.058406	2.531169	0.891557	39.603826	-48.339899	0.000000	
-42.755335	8.452497	-16.862022	1.166680	2.670305	1.049962	42.916156	-46.487865	0.000000	
-44.085125	9.240856	-18.616400	1.281110	2.530286	0.909226	28.074776	-46.336279	0.000000	
-45.084418	9.645079	-16.326898	1.070823	2.738299	1.627399	42.023904	-38.823297	0.000000	
-51.136972	14.438674	-16.686716	1.355084	2.701815	2.129467	22.460041	-41.983267	0.000000	
-45.485242	8.342954	-15.850655	1.585085	2.986853	1.087911	57.830445	-76.161244	0.000000	
-44.569629	8.211451	-18.126514	1.440146	2.584822	0.555332	30.638538	-58.938564	0.000000	
-45.232134	9.225186	-17.958435	1.288846	2.234316	0.498441	9.736504	-48.502476	0.000000	
-44.358411	3.257146	-15.553047	1.086177	2.586104	0.406325	36.465801	-60.382087	0.000000	
-47.094131	4.847934	-19.028078	1.129500	2.373439	0.730595	12.039032	-47.846139	0.000000	
-41.840152	7.564340	-17.581166	0.888374	2.514805	0.378337	34.664205	-31.051577	0.000000	
-43.119704	3.230321	-17.437087	1.017584	2.408728	0.675967	25.539405	-49.999514	0.000000	
-45.792183	3.317556	-18.408578	1.392353	2.257385	-0.741391	9.362001	-67.506842	0.000000	
-40.964710	1.448893	-14.342600	1.201832	2.605951	-0.095669	51.697102	-79.260102	0.000000	
-41.916234	3.918040	-16.261528	1.009920	2.396336	-0.460371	30.008479	-51.219508	0.000000	
-43.213376	0.194634	-14.909642	0.854603	2.520099	-0.562946	37.113626	-56.777105	0.000000	
-43.873122	1.391577	-14.892587	0.894735	2.501082	-0.199601	33.868787	-55.888751	0.000000	
-43.883703	4.193443	-17.453752	0.779983	2.322554	0.293298	18.590554	-33.833984	0.000000	
-45.374002	1.965292	-17.152528	1.004211	2.499874	-0.032669	25.317421	-53.396076	0.000000	
-44.102581	0.716199	-16.489228	1.321092	2.608257	-0.674700	36.422958	-78.197827	0.000000	
-42.130129	2.544643	-17.670663	1.255394	2.361602	-0.581814	25.072055	-64.558472	0.000000	
-40.955209	-0.056764	-15.237249	1.185687	2.256121	-0.366980	25.710304	-78.034903	0.000000	
-41.369737	0.014007	-14.404521	1.039516	2.329612	-1.093792	31.012866	-72.172631	0.000000	
-42.152728	0.115764	-14.545918	0.588453	2.396773	-0.488577	32.881874	-40.144386	0.000000	
-41.183563	1.334713	-17.271065	0.470146	2.375326	0.144568	28.942680	-23.764678	0.000000	
-42.382230	0.871661	-17.667377	0.744168	2.360691	-0.461347	24.377551	-39.932425	0.000000	
-42.244257	-0.377408	-15.256598	0.965963	2.573031	-0.665099	42.614162	-64.488097	0.000000	
-42.645496	0.861067	-16.991991	1.210879	2.361934	-0.591218	24.730563	-69.012416	0.000000	
-45.153744	0.578142	-17.381400	1.304619	2.135166	-0.806686	4.571905	-73.599374	0.000000	
-44.708465	-0.260958	-14.937537	1.187904	2.573601	-0.656081	36.082290	-80.368524	0.000000	
-45.071795	1.296145	-16.472707	0.852745	2.624312	-0.405115	34.763858	-48.246465	0.000000	
-43.690966	-0.459388	-17.336189	0.654624	2.343017	-0.377916	20.404041	-39.014150	0.000000	
-42.426632	0.730633	-15.420742	0.701210	2.432321	-0.637752	32.495276	-43.372105	0.000000	
-42.628374	-0.467894	-13.348462	0.920939	2.362554	-0.506782	31.682570	-70.633994	0.000000	
-41.367032	-0.335770	-15.445173	0.995266	2.258887	-1.047673	24.328219	-65.476221	0.000000	
-41.443533	-0.463788	-15.086562	1.145897	2.222548	-0.693368	22.276067	-77.400972	0.000000	
-41.757392	0.430089	-16.799735	0.943004	2.290745	-0.414333	23.179609	-55.020872	0.000000	
-40.532072	0.655726	-17.313004	0.900447	2.326177	-0.581858	27.740867	-50.341533	0.000000	
-40.042982	0.619253	-17.645934	0.875958	2.290063	-0.386220	26.422267	-48.098731	0.000000	
-41.544532	2.287966	-15.389986	0.962534	2.343000	-0.236637	29.358649	-55.845750	0.000000	
-41.584967	1.797153	-14.531384	1.051705	2.361243	-0.310873	32.243449	-66.811977	0.000000	
-41.548276	2.375302	-15.914654	0.986003	2.343249	-0.329933	28.383987	-55.231914	0.000000	
-41.984013	2.289822	-16.254692	1.004889	2.394808	-0.097025	29.737992	-55.478135	0.000000	
-42.603802	2.772907	-16.606951	1.027998	2.342249	-0.115973	24.240763	-54.373614	0.000000	
-42.379330	2.598619	-15.905576	0.959876	2.359489	-0.013271	27.049873	-52.983486	0.000000	
-41.497923	1.576986	-15.401763	1.118586	2.378706	-0.348253	31.791584	-68.030476	0.000000	
-41.857615	1.839342	-16.451084	1.142749	2.396559	-0.488322	29.833886	-64.439379	0.000000	
-42.993623	3.261214	-15.551818	1.067820	2.358754	0.219787	25.833133	-59.194663	0.000000	
-44.902066	6.136083	-16.046771	0.841169	2.479487	0.638697	27.150974	-35.114167	0.000000	
-43.670240	6.667335	-15.693471	1.305847	2.497393	0.639650	32.473943	-63.976610	0.000000	
-42.081970	3.882800	-17.633922	1.270061	2.376579	0.005427	26.098372	-62.080211	0.000000	
-43.968664	4.399073	-15.746527	1.382412	2.131862	0.042331	8.289657	-75.161910	0.000000	
-42.306245	5.828835	-14.479569	1.042941	2.533776	0.341850	42.014731	-53.807341	0.000000	
-42.864497	3.400804	-16.929259	0.933716	2.392824	0.312599	26.060993	-46.086735	0.000000	
-43.009047	3.301720	-17.650627	1.028838	2.412407	-0.190719	25.719131	-49.849223	0.000000	
-42.905687	3.444348	-16.406307	1.042901	2.427769	0.406104	28.919045	-54.088696	0.000000	
-43.088968	3.609668	-15.911179	1.115946	2.289586	-0.022706	20.622514	-59.889462	0.000000	
-41.325729	1.841735	-16.795238	1.407868	2.343685	-0.413555	27.504562	-78.898864	0.000000	
-41.449745	1.136255	-16.275643	1.186384	2.238272	-0.367348	21.571407	-69.775191	0.000000	
-41.239394	1.265403	-15.409503	0.944399	2.414725	-0.609248	34.874437	-57.610259	0.000000	
-42.684760	1.844817	-15.565983	0.827302	2.412431	-0.078560	30.158282	-47.819486	0.000000	
-41.812275	3.270556	-15.880524	0.690994	2.498771	0.145349	37.484491	-34.214891	0.000000	
-42.382831	1.756518	-16.088870	0.740359	2.483016	-0.246307	34.405528	-41.112161	0.000000	
-42.824314	2.458867	-15.744765	1.027616	2.483143	-0.180762	33.900634	-58.229391	0.000000	
-43.090739	3.034750	-15.738378	0.938262	2.465184	-0.097059	32.005040	-50.914704	0.000000	
-42.780173	1.476738	-16.121737	1.320602	2.432308	-0.553460	30.070661	-77.807507	0.000000	
-41.676339	0.868917	-17.325416	1.143662	2.343863	-0.535251	25.743785	-63.785043	0.000000	
-42.071555	2.156588	-15.910019	0.850916	2.342432	-0.153154	26.848159	-47.381313	0.000000	
-42.907223	2.285853	-14.693085	0.693531	2.465065	-0.041125	34.866061	-40.190549	0.000000	
-42.867250	1.972487	-15.575088	0.829394	2.465866	-0.264870	33.039409	-47.553802	0.000000	
-42.027679	1.446538	-15.569371	0.828804	2.500849	-0.264608	37.746179	-49.066653	0.000000	
-42.561732	2.326078	-15.748652	0.919130	2.413476	-0.320752	30.225255	-51.709185	0.000000	
-44.099647	1.474446	-15.076853	0.963168	2.572061	-0.385862	37.476362	-59.495769	0.000000	
-43.745072	0.986560	-15.957798	1.209742	2.432314	-0.535164	27.639120	-73.053497	0.000000	
-43.351701	1.660639	-16.976550	0.964085	2.395767	-0.339924	24.858134	-52.400012	0.000000	
-43.430768	1.043788	-16.627411	0.962114	2.377725	-0.190818	24.086618	-55.064572	0.000000	
-43.307238	1.214070	-15.944351	0.877246	2.414301	-0.507469	27.779417	-51.613890	0.000000	
-42.331190	0.643214	-14.721263	0.875798	2.431894	-0.450988	34.321429	-57.559611	0.000000	
-41.190414	1.091344	-15.405892	0.921405	2.344115	-0.506906	30.443656	-56.644045	0.000000	
-41.891308	0.906889	-14.376318	1.054226	2.362246	-0.515971	31.697635	-70.518221	0.000000	
-41.806119	1.221069	-14.537307	0.853241	2.431734	-0.422848	36.388638	-54.931481	0.000000	
-41.238785	1.493973	-16.612153	0.832037	2.360842	-0.432710	29.081985	-46.054826	0.000000	
-41.805903	1.225604	-16.619244	1.008346	2.343176	-0.348847	26.457558	-57.376886	0.000000	
-42.201970	2.062605	-14.702908	0.918115	2.343236	-0.227366	28.733664	-56.127737	0.000000	
-46.699187	-119.046687	333.834072	-16.939900	6.869668	3.032244	-14.584228	-34.608072	0.000000	
-132.950078	-168.948548	452.464123	-29.197591	9.642420	-0.230572	-8.329365	-47.632583	0.000000	
-78.571618	-258.698319	448.041032	-44.254688	-1.556265	13.810347	11.077762	-72.616527	0.000000	
-32.768059	-209.553491	421.178313	-41.468289	-4.596986	4.224368	14.090351	-75.925310	0.000000	
15.972189	-163.405533	459.497734	-43.204356	2.430445	10.309910	-7.222706	-77.934561	0.000000	
-58.338361	-183.343480	749.180414	-27.344073	14.402131	7.153351	-16.044964	-25.441412	0.000000	
-92.233190	-52.043261	1012.365726	-3.889824	15.465379	5.707147	-11.496764	-1.559732	0.000000	
-33.065818	105.822777	1201.318562	25.710193	13.573888	3.055540	-10.405421	17.352509	0.000000	
-22.511236	191.504046	1374.675459	50.296555	22.839604	3.095881	-16.226854	30.213961	0.000000	
-45.008586	262.815260	1482.304512	64.449925	29.281411	1.089905	-18.731366	35.381052	0.000000	
-43.475525	295.047438	1537.391423	71.830358	29.125260	2.212946	-18.016629	37.960479	0.000000	
-67.890774	289.052628	1508.909641	67.994367	26.887965	6.328263	-16.132832	36.316074	0.000000	
-73.450115	238.223520	1374.103575	53.427532	28.009454	9.744040	-18.313175	30.961865	0.000000	
-91.693585	163.301055	1191.861815	32.830497	27.158745	18.687211	-19.650447	21.275745	0.000000	
-85.796740	75.155018	1057.628712	15.342350	23.363559	18.847625	-18.764010	11.230171	0.000000	
-77.027059	-6.321093	933.420485	-2.183000	17.843632	21.076825	-15.726367	-2.082132	0.000000	
-74.557325	-79.784976	800.006126	-17.923224	13.847759	23.475328	-13.435021	-17.927913	0.000000	
-66.078350	-146.916812	708.318714	-29.407111	13.002081	23.157526	-14.477488	-32.152996	0.000000	
-71.189755	-188.447509	639.459124	-36.832587	12.186548	22.763775	-14.360029	-44.274099	0.000000	
-69.369991	-184.898198	587.032711	-40.934713	10.969304	19.463798	-13.677880	-55.485906	0.000000	
-63.997822	-173.434436	548.257206	-40.532670	9.256321	19.098524	-11.940441	-59.622321	0.000000	
-56.472471	-159.162609	506.501662	-38.372156	8.038550	17.813440	-11.165586	-61.546742	0.000000	
-57.651262	-150.093217	476.537084	-37.680237	8.204159	17.881598	-12.080564	-64.825478	0.000000	
-57.414289	-143.069540	467.089359	-38.615352	8.548874	18.298735	-13.078757	-68.820199	0.000000	
-53.106112	-135.898178	463.919171	-40.363181	8.000813	18.547984	-12.405840	-73.759308	0.000000	
-52.224701	-133.471450	474.187585	-41.820688	7.512418	18.389941	-11.199302	-75.469152	0.000000	
-54.326289	-137.368940	495.842152	-42.515334	8.063063	18.376521	-11.643878	-73.219621	0.000000	
-58.270372	-136.952369	508.169699	-43.831020	8.362721	18.806611	-11.607432	-74.070915	0.000000	
-52.016902	-136.117158	517.138982	-45.656874	8.730189	19.116901	-12.671733	-76.391096	0.000000	
-51.985130	-133.066361	538.316916	-47.379629	8.984383	18.366311	-12.662084	-76.845291	0.000000	
-62.700657	-127.474859	564.448846	-48.511020	9.713791	18.026029	-12.522904	-75.744039	0.000000	
-64.139260	-118.681652	584.454292	-48.454700	10.385623	18.312256	-13.144205	-73.739648	0.000000	
-60.554374	-110.070846	600.177419	-48.046932	10.896688	18.878229	-13.931814	-71.780986	0.000000	
-63.606870	-97.044732	621.755200	-48.254312	11.516534	19.108320	-14.234746	-70.576098	0.000000	
-69.767358	-85.854507	644.839642	-48.325325	11.927569	19.207154	-13.941679	-68.949179	0.000000	
-69.881691	-74.550137	669.533513	-47.865120	11.987732	19.400935	-13.522701	-66.487063	0.000000	
-69.686816	-66.018988	689.708119	-47.693020	12.309772	19.463296	-13.617298	-64.855650	0.000000	
-70.974954	-58.039705	718.034313	-47.660779	13.107404	19.695932	-14.123557	-62.758623	0.000000	
-72.606827	-49.411118	750.864070	-47.362945	13.801408	19.957673	-14.347211	-60.141815	0.000000	
-72.327775	-38.221794	782.996558	-46.767426	14.217068	19.641777	-14.320061	-57.563883	0.000000	
-70.658495	-28.345262	814.974367	-45.691138	14.543108	19.829681	-14.265158	-54.536626	0.000000	
-68.645943	-18.512160	844.692608	-44.304491	15.062017	19.905999	-14.498250	-51.506474	0.000000	
-63.205595	-6.386961	871.357561	-43.208412	15.209004	20.419456	-14.517542	-49.305561	0.000000	
-58.485259	6.521331	895.027242	-41.899384	14.814540	20.260075	-13.941673	-47.195047	0.000000	
-54.695130	18.311975	920.064004	-40.854918	14.790111	19.775058	-13.732398	-45.358621	0.000000	
-51.064534	25.524144	938.144001	-40.121413	14.850702	19.334492	-13.714842	-44.052520	0.000000	
-47.915732	31.079636	948.768581	-39.875082	14.732304	19.077324	-13.591091	-43.565922	0.000000	
-46.540277	33.630458	961.467320	-40.341918	14.525035	19.173282	-13.265639	-43.597155	0.000000	
-46.241355	36.628731	969.129765	-41.138263	14.386707	19.118404	-13.034832	-44.214993	0.000000	
-47.607864	37.866915	969.128205	-41.776051	13.860143	19.125652	-12.427513	-44.931160	0.000000	
-47.298516	35.867452	962.912787	-43.040773	13.838361	19.364980	-12.497396	-46.440037	0.000000	
-49.756372	31.923077	953.203631	-44.814950	13.797451	19.685924	-12.461114	-48.586003	0.000000	
-54.413014	26.919650	940.533310	-46.989011	13.789923	20.154268	-12.391460	-51.309897	0.000000	
-57.008547	22.994150	926.160810	-49.164196	13.746027	20.725214	-12.403638	-54.261575	0.000000	
-61.149579	19.142693	912.630302	-51.424369	13.686039	21.053536	-12.310574	-57.350292	0.000000	
-64.845899	14.409206	899.105589	-53.401588	13.976353	21.532075	-12.626696	-60.172347	0.000000	
-67.669753	10.642587	886.262404	-55.326373	13.900365	21.590970	-12.574157	-63.022486	0.000000	
-68.927045	9.751180	874.827924	-57.269560	13.632469	21.463948	-12.362401	-66.020532	0.000000	
-70.027912	6.860400	867.891016	-58.949957	13.471233	21.413067	-12.215015	-68.332817	0.000000	
-70.799267	6.524094	860.603240	-60.050916	13.346499	21.102052	-12.129823	-70.172594	0.000000	
-72.684592	8.074928	856.085743	-61.370623	13.205853	20.604904	-11.927705	-72.166406	0.000000	
-72.007109	9.003235	857.136326	-62.296116	13.453031	20.083035	-12.237774	-73.206923	0.000000	
-72.163874	9.445352	854.345712	-62.973375	13.348908	19.475630	-12.146382	-74.262090	0.000000	
-72.687257	12.666989	854.870880	-63.960983	13.245464	18.896741	-11.990344	-75.542826	0.000000	
-72.613107	13.724677	856.782833	-64.621026	13.194234	18.579643	-11.908515	-76.200770	0.000000	
-71.805768	16.022231	857.835116	-65.278934	13.178397	18.094874	-11.918600	-76.995866	0.000000	
-72.452797	19.230585	863.213831	-66.069382	13.216970	17.536332	-11.857214	-77.600826	0.000000	
-74.721659	21.949179	868.934408	-66.995838	13.324965	17.191790	-11.787262	-78.298486	0.000000	
-75.585874	24.059547	871.714067	-67.701537	13.589968	16.819432	-12.009812	-78.968414	0.000000	
-77.275815	26.557823	879.355201	-68.520980	13.855773	16.634385	-12.123585	-79.343484	0.000000	
-80.165791	29.668501	886.470764	-69.319627	14.402216	16.430908	-12.497575	-79.767218	0.000000	
-82.700989	33.310871	893.935658	-70.028369	14.720706	16.255176	-12.623736	-80.079315	0.000000	
-85.810104	36.955512	899.316602	-70.649205	15.038249	16.172081	-12.746504	-80.474767	0.000000	
-88.039775	41.036558	908.346837	-71.314056	15.445134	15.950511	-12.959845	-80.611104	0.000000	
-89.783679	44.636082	916.512828	-71.979411	15.886674	15.747532	-13.242938	-80.797552	0.000000	
-90.861360	48.460876	925.554511	-72.710610	16.100103	15.609637	-13.294788	-80.986324	0.000000	
-91.982612	52.104514	935.109984	-73.308603	16.366779	15.406871	-13.393325	-80.975630	0.000000	
-92.794009	55.533777	943.111892	-73.775886	16.684931	15.353131	-13.580997	-80.949528	0.000000	
-93.219212	59.231222	949.900209	-74.461667	16.985779	15.093905	-13.782882	-81.270026	0.000000	
-93.985175	62.661079	957.378782	-74.839483	17.198614	15.039915	-13.863990	-81.192829	0.000000	
-94.349252	65.433080	963.464221	-75.281011	17.148093	14.929102	-13.709079	-81.269182	0.000000	
-95.065049	68.067962	970.066324	-75.525130	17.273170	14.856180	-13.713642	-81.091363	0.000000	
-95.922206	70.883897	975.286858	-76.079231	17.520477	14.736217	-13.855820	-81.356763	0.000000	
-97.120270	73.124881	980.675535	-76.545053	17.592089	14.737053	-13.799209	-81.488721	0.000000	
-97.533448	75.943260	985.375989	-76.877381	17.716411	14.663639	-13.842216	-81.567329	0.000000	
-98.159811	78.317841	990.592020	-77.165621	17.770635	14.636775	-13.797240	-81.537881	0.000000	
-98.878131	80.429066	996.336706	-77.832085	18.052725	14.600775	-13.970140	-81.833137	0.000000	
-98.888161	82.282755	999.654520	-78.166288	18.193530	14.657566	-14.065353	-81.980190	0.000000	
-99.156769	83.655879	1001.235387	-78.610435	18.122904	14.797137	-13.960991	-82.356679	0.000000	
-99.379658	85.198343	1006.462828	-79.122749	18.228864	14.919318	-13.985553	-82.507780	0.000000	
-99.914816	86.873784	1008.381864	-79.212541	18.246579	15.012886	-13.953093	-82.515318	0.000000	
-99.754985	89.526798	1009.790238	-79.543196	18.124030	14.984848	-13.819952	-82.847005	0.000000	
-99.678608	91.338171	1011.715245	-79.853203	18.141953	14.966517	-13.815476	-83.077150	0.000000	
-99.294300	93.550169	1014.521263	-80.231716	18.229720	15.060413	-13.881952	-83.319572	0.000000	
-99.661605	96.155095	1016.621634	-80.497706	18.229998	15.097977	-13.837880	-83.525481	0.000000	
-99.938405	98.799230	1020.277767	-80.718085	18.161041	15.051990	-13.709666	-83.559983	0.000000	
-99.418985	100.522283	1023.422020	-81.028884	18.214308	15.052789	-13.743724	-83.683523	0.000000	
-100.179877	102.771477	1025.863713	-81.383123	18.197223	15.071555	-13.661537	-83.929290	0.000000	
-100.592353	105.330306	1028.656382	-81.781284	18.215478	15.034627	-13.624960	-84.201549	0.000000	
-100.638394	106.787402	1031.622993	-82.004402	18.180596	15.165599	-13.550962	-84.239948	0.000000	
-100.819941	108.288224	1034.937240	-82.470452	18.181021	15.221894	-13.501155	-84.486483	0.000000	
-101.311331	110.446971	1039.641249	-82.805048	18.269489	15.334734	-13.505317	-84.520528	0.000000	
-102.073104	112.960971	1042.605830	-83.225634	18.234975	15.353539	-13.401659	-84.793190	0.000000	
-102.614011	115.432393	1045.400433	-83.580683	18.235308	15.419093	-13.343617	-85.013588	0.000000	
-103.590174	117.058373	1049.398512	-84.024035	18.288969	15.410269	-13.303047	-85.182702	0.000000	
-104.528698	119.177700	1051.674717	-84.579640	18.411639	15.503580	-13.351161	-85.618220	0.000000	
-104.807495	121.033942	1052.730276	-84.977664	18.429318	15.466210	-13.342903	-85.990544	0.000000	
-105.293342	121.605732	1055.689861	-85.510240	18.482357	15.494377	-13.335845	-86.278681	0.000000	
-106.454209	122.887871	1054.654837	-85.996760	18.551993	15.456242	-13.364650	-86.879792	0.000000	
-106.820928	124.212721	1054.833236	-86.392998	18.534818	15.306700	-13.330388	-87.297756	0.000000	
-108.111853	125.184228	1052.572671	-86.656460	18.499256	15.221622	-13.268799	-87.777329	0.000000	
-108.834576	125.939874	1049.100471	-87.051696	18.481046	15.043076	-13.262912	-88.477108	0.000000	
-108.092332	125.769840	1047.366511	-87.335926	18.358260	14.837234	-13.199213	-88.887509	0.000000	
-107.662057	126.000069	1044.424573	-87.511778	18.357345	14.771186	-13.253215	-89.316122	0.000000	
-107.717000	125.614704	1039.918046	-87.952998	18.373365	14.685707	-13.322114	-90.110420	0.000000	
-107.183953	123.634052	1036.787217	-88.018472	18.407724	14.591763	-13.417745	-90.358816	0.000000	
-106.136724	123.251559	1031.414683	-87.994471	18.388664	14.506757	-13.513391	-90.789120	0.000000	
-106.152946	123.084039	1026.554402	-88.323180	18.422798	14.281548	-13.608222	-91.531524	0.000000	
-106.865267	121.892145	1020.974981	-88.229753	18.387283	14.000342	-13.614192	-91.886951	0.000000	
-105.891991	119.653213	1015.242499	-88.139590	18.333066	13.933769	-13.679165	-92.216589	0.000000	
-105.985266	117.765263	1007.938763	-88.246678	18.296333	13.745226	-13.735067	-92.905667	0.000000	
-106.109162	115.125433	1001.849819	-88.223285	18.224305	13.734074	-13.738875	-93.327061	0.000000	
-105.187563	113.107098	994.377488	-87.933002	18.257735	13.583581	-13.915131	-93.643939	0.000000	
-104.223439	112.014727	989.167541	-87.885394	18.168997	13.414566	-13.941080	-94.038640	0.000000	
-103.139930	111.586902	982.051108	-87.748464	18.202831	13.152290	-14.124059	-94.560516	0.000000	
-102.045684	110.539653	975.450892	-87.413360	18.166400	13.002007	-14.230790	-94.807730	0.000000	
-101.267599	110.243333	968.330020	-87.253225	18.042381	12.757988	-14.241222	-95.325289	0.000000	
-100.175567	109.680028	962.425906	-86.851839	18.023766	12.608013	-14.358566	-95.466138	0.000000	
-99.118973	107.973301	956.351566	-86.805817	17.969371	12.541324	-14.440777	-95.943050	0.000000	
-98.904778	106.569817	948.699739	-86.470116	17.915213	12.381179	-14.507544	-96.295476	0.000000	
-98.250327	105.522309	941.926356	-86.158245	17.913508	12.305344	-14.639037	-96.605994	0.000000	
-97.465231	105.004936	936.201215	-85.913291	17.911941	12.257722	-14.762773	-96.909725	0.000000	
-97.468934	103.861204	929.936605	-85.313856	17.963357	12.182260	-14.914938	-96.861803	0.000000	
-97.619015	103.871593	922.990710	-85.266466	17.996866	12.022153	-15.053427	-97.539513	0.000000	
-97.407102	103.258184	918.121426	-84.976318	18.048751	11.872248	-15.198366	-97.710198	0.000000	
-97.371711	102.954912	912.907115	-84.642284	18.065219	11.787431	-15.302944	-97.887026	0.000000	
-97.600534	102.343294	906.472508	-84.351557	18.028796	11.674108	-15.357408	-98.230169	0.000000	
-97.473666	101.729557	901.253503	-83.884275	18.010347	11.580044	-15.430201	-98.249319	0.000000	
-96.468445	101.252819	897.614718	-83.663102	18.184827	11.524038	-15.736524	-98.376891	0.000000	
-95.952050	100.688473	891.363532	-83.351515	18.306256	11.401988	-16.006915	-98.688159	0.000000	
-95.954877	100.602766	887.534695	-82.884342	18.182813	11.363964	-15.935205	-98.582927	0.000000	
-95.656173	100.391141	882.501721	-82.705911	18.216581	11.307094	-16.077685	-98.931791	0.000000	
-95.401515	100.442543	877.467425	-82.262522	18.285458	11.297175	-16.259555	-98.996455	0.000000	
-95.370602	100.888359	873.820431	-82.105440	18.319968	11.175367	-16.367031	-99.252810	0.000000	
-95.071348	100.891677	869.993359	-81.792446	18.284553	11.016298	-16.412370	-99.329603	0.000000	
-94.866245	101.203546	866.347280	-81.437829	18.529618	10.904500	-16.773564	-99.354440	0.000000	
-95.142017	101.377638	864.081385	-81.214863	18.687648	10.736687	-16.985018	-99.365951	0.000000	
-94.970040	101.070841	860.948179	-80.946791	18.634709	10.624230	-16.993115	-99.399842	0.000000	
-95.196114	100.544727	855.378928	-80.523181	18.563578	10.520516	-17.006285	-99.523541	0.000000	
-95.378601	100.193855	851.203987	-80.145758	18.632947	10.464021	-17.159717	-99.549321	0.000000	
-95.208349	100.018753	847.896826	-79.767293	18.632655	10.351783	-17.234030	-99.481676	0.000000	
-95.033320	99.094014	844.413033	-79.543270	18.579656	10.220552	-17.250309	-99.576890	0.000000	
-94.776686	98.611797	839.716201	-79.098353	18.631648	10.089510	-17.420595	-99.577667	0.000000	
-94.386765	98.388107	838.492004	-78.786869	18.772576	9.903529	-17.634691	-99.339386	0.000000	
-94.882383	98.386441	835.005292	-78.562501	18.825136	9.707162	-17.742848	-99.485191	0.000000	
-93.960122	97.731243	831.010064	-78.162406	18.806856	9.632177	-17.854816	-99.445995	0.000000	
-94.408725	97.198257	827.167284	-77.935840	18.736997	9.332939	-17.827041	-99.604603	0.000000	
-94.718817	96.574983	825.063212	-77.622653	18.702409	9.136849	-17.812615	-99.444605	0.000000	
-95.031544	95.433088	818.451064	-77.331717	18.630878	9.023360	-17.848906	-99.828794	0.000000	
-94.892983	93.882696	816.690383	-76.974088	18.543843	8.818043	-17.787750	-99.519836	0.000000	
-94.674040	92.695389	811.467428	-76.660524	18.420283	8.667646	-17.759930	-99.707233	0.000000	
-94.276127	91.546853	809.892901	-76.547550	18.420607	8.490346	-17.816467	-99.697115	0.000000	
-94.232691	90.311158	806.227405	-76.410069	18.280297	8.246916	-17.724265	-99.910063	0.000000	
-93.881097	88.942835	802.387332	-76.139685	18.175206	7.975769	-17.696305	-99.973592	0.000000	
-94.015646	88.367669	798.544087	-75.823767	17.912290	7.722889	-17.442870	-100.026192	0.000000	
-94.199557	87.968201	795.226336	-75.619725	17.842469	7.442472	-17.415862	-100.163913	0.000000	
-93.666206	86.465370	792.774427	-75.283447	17.702647	7.208989	-17.322792	-99.963323	0.000000	
-93.171551	84.352706	787.895392	-75.079644	17.368534	7.086131	-17.032301	-100.201654	0.000000	
-93.172888	83.208422	782.841678	-74.897285	17.140003	6.870159	-16.847957	-100.548896	0.000000	
-92.724630	81.355685	780.047091	-74.717108	16.999582	6.720229	-16.753110	-100.570150	0.000000	
-92.049126	78.264473	776.721603	-74.315600	16.911957	6.533259	-16.749976	-100.302948	0.000000	
-92.173575	76.718261	773.917388	-74.309068	16.508841	6.279977	-16.281202	-100.567077	0.000000	
-92.305352	75.175942	768.863508	-74.128037	16.385390	6.101450	-16.217543	-100.901285	0.000000	
-91.947492	73.278673	765.195520	-73.924309	16.209908	5.876700	-16.085475	-101.005930	0.000000	
-91.629352	70.722227	760.487192	-73.743631	16.033812	5.726172	-15.970294	-101.240800	0.000000	
-92.325226	68.731901	755.937804	-73.383901	15.735491	5.528788	-15.627845	-101.254401	0.000000	
-92.450706	66.614261	751.053159	-73.092639	15.594512	5.387634	-15.531880	-101.396818	0.000000	
-92.312238	64.546296	744.609546	-72.778437	15.330126	5.273873	-15.316585	-101.725807	0.000000	
-92.352082	62.869231	739.025150	-72.263738	15.066623	5.067325	-15.070635	-101.694648	0.000000	
-92.084769	61.109195	732.231036	-71.815330	14.767469	4.879007	-14.815188	-101.916277	0.000000	
-92.131330	59.259484	724.567260	-71.301744	14.696177	4.672327	-14.866819	-102.169021	0.000000	
-92.257890	56.707180	714.989045	-70.720483	14.378546	4.529890	-14.608935	-102.562035	0.000000	
-92.254191	54.686772	704.892784	-70.027946	13.973011	4.415268	-14.238011	-102.917746	0.000000	
-92.425980	52.085755	695.483089	-69.115721	13.831144	4.264260	-14.210641	-102.828112	0.000000	
-92.153992	49.317793	683.821297	-68.290288	13.390039	4.167975	-13.819919	-103.190046	0.000000	
-92.643786	47.435459	668.510854	-67.374101	12.895509	4.014681	-13.355278	-104.053879	0.000000	
-92.728473	44.842086	655.279335	-66.282277	12.489341	3.880992	-12.992065	-104.308094	0.000000	
-92.466116	42.301205	638.583141	-64.969473	12.117020	3.812052	-12.758059	-104.797561	0.000000	
-91.761726	39.498066	620.668474	-63.544285	11.604258	3.696126	-12.341405	-105.319711	0.000000	
-91.723282	37.399741	601.534153	-61.963133	11.038686	3.579808	-11.785350	-105.881366	0.000000	
-91.152561	34.778269	580.668166	-60.271797	10.419613	3.547034	-11.174544	-106.566671	0.000000	
-89.880232	31.897498	557.372737	-58.423929	9.747505	3.439307	-10.524485	-107.468594	0.000000	
-88.653520	28.580328	530.953265	-56.355783	9.161891	3.415041	-10.032393	-108.634817	0.000000	
-87.995382	24.684505	502.431053	-53.799047	8.488487	3.362439	-9.300895	-109.358278	0.000000	
-86.202644	21.113962	468.539605	-51.129073	7.655639	3.271280	-8.344077	-111.220552	0.000000	
-83.749054	16.526529	433.946350	-48.259363	6.981153	3.031499	-7.683234	-112.989874	0.000000	
-82.113466	9.548826	396.892208	-44.901619	6.165998	2.828233	-6.500554	-114.275864	0.000000	
-80.092982	3.239104	356.187775	-41.449814	5.087479	2.409400	-4.432310	-116.834249	0.000000	
-77.702765	-1.702415	311.833292	-37.507800	4.255000	1.683301	-2.690461	-120.084576	0.000000	
-76.140168	-8.333088	269.021376	-33.611005	3.633939	0.873803	-1.017081	-123.582870	0.000000	
-75.181620	-11.487351	228.293793	-29.535350	3.295432	-0.195273	0.157104	-127.141166	0.000000	
-70.548600	-18.813141	192.125685	-25.296239	2.831443	-0.330641	1.574093	-127.271243	0.000000	
-66.357816	-21.202274	155.948010	-21.287638	2.001983	-1.175187	6.120823	-130.384436	0.000000	
-61.262477	-25.168150	120.492590	-17.221955	1.310432	-1.431908	11.846475	-133.499488	0.000000	
-61.354921	-18.264155	90.237726	-13.193436	0.763154	-2.116511	22.048932	-137.071425	0.000000	
-59.167350	-8.517198	63.517465	-9.283708	0.477815	-2.379712	34.403009	-140.124313	0.000000	
-54.715625	-5.381577	39.236883	-5.428847	0.313455	-2.082690	54.951449	-132.186116	0.000000	
-51.093290	0.424802	15.434060	-1.537010	-0.056912	-2.755219	153.591350	-100.885698	0.000000	
-48.261985	-3.398230	-2.316591	1.259445	-0.463487	-2.850312	-1146.043229	-610.296511	0.000000	
-45.806802	-7.450939	-7.884433	2.893913	-0.447828	-2.551338	-320.859251	-409.986428	0.000000	
-45.350747	0.860391	-8.529071	2.456662	-0.394640	-2.886853	-287.972066	-283.505910	0.000000	
-45.999352	-1.856033	-5.529676	1.907149	-0.469988	-1.535813	-462.930539	-360.179339	0.000000	
-48.578832	-0.925808	0.233010	0.811514	-0.489769	-0.734671	11564.625274	3663.041759	0.000000	
-51.078042	0.407155	3.221972	-0.128778	-0.492856	0.075295	872.177968	-45.755406	0.000000	
-50.394491	-1.828202	0.110549	-0.066903	-0.636013	0.503014	26444.125971	145.395946	0.000000	
-47.265868	-1.751174	-3.057974	0.284387	-0.595528	-1.006278	-896.673184	-119.042061	0.000000	
-45.100307	-5.798236	-2.964930	1.471088	-0.554637	-2.132189	-877.857332	-584.978359	0.000000	
-44.135391	-6.514005	-2.467949	1.720625	-0.569785	-2.616220	-1042.954952	-817.042965	0.000000	
-44.793514	-5.187810	-1.417505	1.631250	-0.815945	-2.393010	-2010.304909	-1316.958749	0.000000	
-44.653529	-5.297232	-1.363521	0.823113	-0.574150	-1.703685	-1907.890796	-780.055698	0.000000	
-46.631622	-4.499471	-1.177331	0.419943	-0.611114	-1.285238	-2317.218040	-530.210382	0.000000	
-46.406820	-4.398959	-0.800717	0.015827	-0.525277	-0.921846	-3287.001169	-269.178102	0.000000	
-44.904783	-5.684307	-0.297383	0.330134	-0.593632	-1.266054	-8850.390832	-1977.781697	0.000000	
-44.911973	-6.411562	-1.221235	0.939603	-0.800495	-2.030295	-2325.084137	-1007.737778	0.000000	
-44.651427	-7.480373	-2.290261	1.232330	-0.746207	-2.440174	-1211.102726	-686.375700	0.000000	
-43.683474	-7.076894	-1.755699	1.143519	-0.798970	-2.412022	-1584.769720	-834.326723	0.000000	
-44.514666	-7.026326	-2.260793	0.961180	-0.730711	-2.030318	-1217.283959	-566.269846	0.000000	
-44.552162	-6.798155	-1.547785	0.714029	-0.784598	-1.732296	-1813.793642	-660.734007	0.000000	
-45.207535	-6.844512	-0.333843	0.514089	-0.854800	-1.648641	-8707.337202	-2470.556136	0.000000	
-44.330930	-7.062352	-0.153394	0.403321	-0.714209	-1.750714	-17774.113749	-4719.149130	0.000000	
-43.760869	-7.467792	0.871785	0.562023	-0.694836	-2.076293	3075.096754	1033.443097	0.000000	
-43.148470	-8.131005	-0.352319	0.675173	-0.624047	-2.309191	-7330.493656	-2963.949573	0.000000	
-43.058856	-7.955710	-0.007673	0.786641	-0.711488	-2.318460	-347451.843814	-149587.003012	0.000000	
-43.409448	-7.421773	-1.044902	0.808704	-0.905328	-2.170067	-2752.455683	-1096.399805	0.000000	
-43.448501	-7.684145	-1.214033	0.829026	-0.905960	-2.030325	-2371.031664	-970.212044	0.000000	
-43.976676	-7.689018	-0.352108	0.784806	-0.870454	-2.058168	-8141.456268	-3220.112161	0.000000	
-43.626408	-7.592715	-1.554797	0.628844	-0.871404	-1.974674	-1834.419775	-626.161733	0.000000	
-43.407427	-7.814804	-0.687102	0.474234	-0.800727	-2.067613	-4033.209876	-1206.489198	0.000000	
-43.141006	-8.176044	0.164943	0.808560	-0.816936	-2.244094	16824.264193	7151.946935	0.000000	
-43.010146	-8.043001	0.863218	0.653510	-0.799246	-2.262641	3187.097800	1179.928951	0.000000	
-42.704037	-8.035974	-1.036466	0.740387	-0.730177	-2.150979	-2574.975863	-1066.307825	0.000000	
-42.616564	-7.812602	-0.159300	0.473756	-0.712808	-2.104371	-16617.790217	-5200.086283	0.000000	
-43.447680	-7.907288	-0.696797	0.829223	-0.870508	-2.076724	-4079.863551	-1705.186256	0.000000	
-43.005569	-7.859516	0.007642	0.717160	-0.853218	-2.001959	367064.234607	140520.015521	0.000000	
-42.876134	-7.727082	-0.865063	0.807771	-0.940723	-2.095424	-3337.525128	-1339.261126	0.000000	
-42.791574	-7.857257	-0.860013	0.519756	-0.853105	-2.142120	-3250.778177	-1019.099625	0.000000	
-42.834604	-8.215197	0.001746	0.586024	-0.747244	-2.206870	1541839.434924	549317.246146	0.000000	
-42.922315	-7.903501	-0.340454	0.585365	-0.800368	-2.113885	-8073.706100	-2773.122656	0.000000	
-42.697401	-8.126461	0.874779	0.716917	-0.747461	-2.066685	3069.547219	1241.148461	0.000000	
-43.053259	-7.992000	0.008545	0.540021	-0.747867	-2.067175	316202.529631	105646.011326	0.000000	
-43.050048	-7.906587	-0.347640	0.895631	-0.887918	-2.076502	-8175.338025	-3608.694503	0.000000	
-42.695630	-8.123298	-0.863593	0.873104	-0.923423	-2.030057	-3313.686023	-1438.018551	0.000000	
-42.788626	-8.079562	-1.387653	0.741923	-0.923180	-2.151498	-2065.243012	-798.991401	0.000000	
-42.698738	-7.993170	-0.869243	0.874968	-0.957974	-2.151274	-3332.060730	-1424.021278	0.000000	
-42.215893	-8.166949	0.532159	0.540774	-0.765006	-2.141428	5037.944425	1712.726689	0.000000	
-42.041760	-7.943051	-0.156748	0.584459	-0.747889	-2.094870	-16945.769897	-6028.795665	0.000000	
-42.259232	-7.990190	0.532379	0.585150	-0.817695	-2.113537	5138.522579	1780.302811	0.000000	
-42.349210	-7.810841	-0.156902	0.562080	-0.783148	-2.048443	-17242.762965	-5841.987057	0.000000	
-42.567733	-7.857417	-0.860869	0.762985	-0.905765	-2.086005	-3296.915496	-1300.633819	0.000000	
-42.481408	-7.679802	-0.858785	0.696934	-0.923295	-2.104719	-3320.764826	-1217.490041	0.000000	
-42.611778	-7.901001	-1.208997	0.741290	-0.940926	-2.095523	-2378.415104	-909.825761	0.000000	
-42.480252	-7.637482	-0.863703	0.830715	-0.993201	-2.132683	-3382.734318	-1363.226599	0.000000	
-42.217245	-7.587748	-1.721300	0.806810	-0.923841	-2.030199	-1650.313886	-668.857218	0.000000	
-42.480387	-7.768910	-1.208805	0.851885	-0.923310	-2.095330	-2359.284637	-996.500452	0.000000	
-42.260408	-7.767150	0.015735	0.606714	-0.818095	-2.057721	173898.172443	60963.759190	0.000000	
-42.082091	-7.942940	-1.206212	0.785957	-0.993519	-2.104774	-2407.575243	-950.535664	0.000000	
-42.034677	-7.811927	0.010163	0.807558	-1.028378	-2.057902	288915.207784	114347.150125	0.000000	
-41.645259	-7.676407	0.369371	0.584340	-0.782923	-2.076059	7236.802507	2525.248327	0.000000	
-41.686822	-7.542700	0.370689	0.584450	-0.888380	-2.020371	7500.632884	2500.186535	0.000000	
-41.555195	-7.808441	0.020416	0.673217	-0.835616	-2.066831	133314.630507	50334.294851	0.000000	
-41.511265	-7.586734	0.022218	0.673408	-0.888316	-2.048281	124784.022023	45807.499083	0.000000	
-41.640918	-7.763789	-0.328003	0.761958	-0.923526	-2.020436	-8578.313284	-3397.439106	0.000000	
-41.642294	-7.455832	0.366171	0.674310	-0.975788	-2.067043	7826.390493	2765.680457	0.000000	
-41.732994	-7.629637	-1.543339	0.762594	-0.923800	-2.048718	-1826.301357	-718.558900	0.000000	
-41.510316	-7.631153	0.718873	0.584178	-0.853172	-2.029487	3807.430737	1294.411727	0.000000	
-41.426245	-7.544088	0.368938	0.651368	-0.800268	-2.113241	7265.352430	2693.604234	0.000000	
-41.291504	-7.763321	0.719030	0.540261	-0.817920	-2.085325	3743.761600	1241.394157	0.000000	
-41.115145	-7.762189	0.024929	0.717154	-0.818135	-2.057314	107679.295616	42900.941926	0.000000	
-41.162786	-7.497836	0.373471	0.606762	-0.782845	-2.103862	7098.506103	2535.859675	0.000000	
-40.806279	-7.758855	-0.319256	0.629468	-0.923544	-2.066957	-8694.733073	-3074.826676	0.000000	
-41.420886	-7.765916	0.014300	0.829884	-0.975583	-2.113524	199692.389761	82681.846539	0.000000	
-41.334561	-7.629107	-0.847055	0.762883	-0.976187	-2.057871	-3367.732476	-1309.489597	0.000000	
-41.199704	-7.584013	1.074600	0.604476	-0.818487	-1.917391	2501.536351	882.801479	0.000000	
-41.425931	-7.321855	0.025587	0.783016	-0.783137	-2.019951	104094.476296	43590.960411	0.000000	
-41.072164	-7.628311	0.378200	0.627385	-0.748164	-2.010557	6907.151640	2574.333388	0.000000	
-41.248904	-7.408456	0.723565	0.517826	-0.835651	-2.048080	3742.129592	1180.347145	0.000000	
-41.072669	-7.450955	0.028435	0.562964	-0.905927	-2.066954	97422.915816	31692.206927	0.000000	
-41.113107	-7.628814	1.245748	0.495153	-0.853207	-2.010708	2182.528343	675.385698	0.000000	
-41.290844	-7.540734	-0.845176	0.850596	-0.923667	-2.020375	-3310.732940	-1411.435710	0.000000	
-41.067793	-7.628635	0.023860	0.718387	-1.011123	-2.039065	120500.419682	44620.077164	0.000000	
-40.895397	-7.759313	-1.538922	0.873326	-0.923720	-2.067034	-1806.784571	-796.400444	0.000000	
-40.982685	-7.626223	-1.191564	0.697310	-1.046428	-2.086044	-2439.691054	-875.759184	0.000000	
-41.113025	-7.540037	-0.323019	0.762520	-0.993700	-2.029757	-8853.752452	-3420.165419	0.000000	
-40.980439	-7.715030	0.201454	0.518982	-0.993676	-2.048493	14165.479786	4314.405351	0.000000	
-40.896821	-7.625953	-0.316381	0.562427	-0.853491	-2.057576	-8565.310375	-2871.802440	0.000000	
-40.936906	-7.538131	0.377879	0.562521	-0.958677	-2.011032	7453.864134	2394.034939	0.000000	
-41.069743	-7.539198	-1.019657	0.785796	-1.063900	-2.067324	-2871.955218	-1106.303981	0.000000	
-41.196709	-7.939472	0.192608	0.740856	-1.046055	-2.048439	15139.019446	5717.402466	0.000000	
-40.976541	-7.760596	-0.327312	0.764128	-1.168953	-2.058062	-9254.114049	-3410.798468	0.000000	
-40.846860	-7.715213	-1.018945	0.895953	-1.063985	-2.029884	-2864.116262	-1223.025622	0.000000	
-40.982636	-7.585565	-0.324833	0.851137	-0.923289	-2.076081	-8569.314692	-3680.230082	0.000000	
-40.586237	-7.494399	0.726519	0.628769	-0.888239	-2.047911	3757.893050	1333.621025	0.000000	
-40.452207	-7.623555	0.208760	0.562410	-0.958791	-2.010957	13387.802775	4351.562999	0.000000	
-40.408399	-7.668668	0.380541	0.562841	-0.958577	-2.048181	7338.420737	2393.700191	0.000000	
-40.668843	-7.673069	0.021186	0.918500	-1.098593	-2.057580	138985.340013	59793.301307	0.000000	
-40.717310	-7.537926	-1.016434	0.873786	-1.028871	-2.048429	-2830.860792	-1196.321753	0.000000	
-40.541824	-7.448360	0.032113	0.651583	-0.976178	-2.038917	87701.529168	30818.161518	0.000000	
-40.805538	-7.451271	-0.148837	0.763297	-1.028552	-2.076300	-19355.143739	-7400.824485	0.000000	
-41.068862	-7.671735	0.550795	0.561844	-0.888495	-2.001561	4997.154143	1652.220680	0.000000	
-40.588497	-7.534821	-0.658978	0.606373	-0.871304	-2.020296	-4118.258676	-1439.214212	0.000000	
-40.717535	-7.581537	-0.665274	0.806127	-0.941295	-2.010951	-4193.297019	-1729.039056	0.000000	
-40.669268	-7.625540	-0.320005	0.784968	-1.099070	-2.001891	-9203.453586	-3534.647823	0.000000	
-40.411430	-7.447605	0.906546	0.451143	-0.853330	-2.038613	2964.301836	870.493331	0.000000	
-40.454992	-7.446317	0.038033	0.561828	-0.888748	-2.001526	71647.070225	23658.518271	0.000000	
-40.452788	-7.580572	0.905043	0.539362	-0.870941	-2.001298	2990.757475	976.082887	0.000000	
-40.364823	-7.625209	0.902812	0.540199	-0.905821	-2.047947	3032.358990	981.665984	0.000000	
-40.189394	-7.580169	0.905427	0.561924	-0.870791	-2.038484	2976.118181	1000.567004	0.000000	
-40.630735	-7.535979	-0.836664	0.739826	-0.941383	-2.020360	-3329.774967	-1293.142609	0.000000	
-40.630008	-7.450441	-0.667904	0.939507	-0.958605	-2.038778	-4196.757620	-1913.021899	0.000000	
-40.626681	-7.715690	0.201134	0.806171	-0.958510	-2.020070	13933.393292	5749.278794	0.000000	
-40.411355	-7.447803	0.034891	0.650886	-0.888513	-2.038699	78035.508357	28343.390581	0.000000	
-40.499463	-7.402927	0.385720	0.539373	-0.853576	-2.001396	6978.387350	2269.448336	0.000000	
-40.411069	-7.312858	-0.657322	0.673114	-0.959074	-1.992398	-4249.907016	-1529.047776	0.000000	
-40.496892	-7.361217	1.425749	0.583496	-0.870768	-1.991800	1899.638374	643.555096	0.000000	
-40.054190	-7.534839	1.079736	0.562433	-0.993626	-2.010705	2603.685545	837.596318	0.000000	
-40.190377	-7.445178	0.040231	0.605933	-0.888781	-1.992093	67435.883420	23461.269421	0.000000	
-40.410577	-7.181548	-0.660067	0.784394	-1.011546	-2.001706	-4311.696207	-1682.247339	0.000000	
-40.322272	-7.181071	-0.834083	0.806935	-1.046627	-2.011097	-3449.466965	-1358.287624	0.000000	
-40.319334	-7.404580	0.206553	0.872113	-0.958656	-1.982631	13501.006047	5849.327763	0.000000	
-40.406503	-7.270660	0.032945	0.762522	-1.099096	-1.983103	89031.321305	33162.485546	0.000000	
-40.145049	-7.312804	0.563829	0.649289	-0.871283	-1.935945	4776.727902	1740.221119	0.000000	
-39.923965	-7.310015	-0.303983	0.694613	-0.994312	-1.936322	-9232.623271	-3376.598779	0.000000	
