NO_OF_SAMPLES	364
FREQUENCY	400
TIME_STAMP	2020-08-07, 12:53:28.464	3345.85763032
FIRST_SAMPLE	3312
DESCRIPTION	Force data in local (force plate) coordinates
DATA_INCLUDED	Force
FORCE_PLATE_TYPE	Amti
FORCE_PLATE_MODEL	Unknown
FORCE_PLATE_NAME	7391
FORCE_PLATE_CORNER_POSX_POSY_X	579.468012
FORCE_PLATE_CORNER_POSX_POSY_Y	379.240990
FORCE_PLATE_CORNER_POSX_POSY_Z	-16.077699
FORCE_PLATE_CORNER_NEGX_POSY_X	577.150047
FORCE_PLATE_CORNER_NEGX_POSY_Y	-4.550730
FORCE_PLATE_CORNER_NEGX_POSY_Z	-16.474199
FORCE_PLATE_CORNER_NEGX_NEGY_X	-4.632410
FORCE_PLATE_CORNER_NEGX_NEGY_Y	2.957070
FORCE_PLATE_CORNER_NEGX_NEGY_Z	-16.989401
FORCE_PLATE_CORNER_POSX_NEGY_X	-3.978860
FORCE_PLATE_CORNER_POSX_NEGY_Y	381.323993
FORCE_PLATE_CORNER_POSX_NEGY_Z	-17.207799
FORCE_PLATE_OFFSET_X	-0.304800
FORCE_PLATE_OFFSET_Y	-0.457200
FORCE_PLATE_OFFSET_Z	-46.024800
FORCE_PLATE_LENGTH	599.948000
FORCE_PLATE_WIDTH	400.050000
Force_X	Force_Y	Force_Z	Moment_X	Moment_Y	Moment_Z	COP_X	COP_Y	COP_Z
-4.167861	16.814679	408.444401	1.155912	0.463068	-3.502814	-0.968887	0.478104	0.000000	
-4.301238	16.733334	410.163480	1.197275	0.428179	-3.466489	-0.866077	0.584157	0.000000	
-3.691328	16.294661	410.500769	1.332325	0.480923	-3.596000	-1.062486	0.961473	0.000000	
-3.690464	16.514945	411.019411	1.374695	0.550065	-3.550019	-1.229846	1.038101	0.000000	
-3.907100	16.554569	409.300313	1.310814	0.550255	-3.567856	-1.209835	0.883853	0.000000	
-3.600891	16.820026	410.677675	1.419143	0.549876	-3.540520	-1.240196	1.113386	0.000000	
-3.381513	16.728178	409.815719	1.377622	0.567577	-3.614198	-1.309993	1.025688	0.000000	
-3.770520	17.338036	408.274279	1.311715	0.480278	-3.539457	-1.056111	0.801109	0.000000	
-3.510095	17.250456	408.445800	1.333629	0.358600	-3.520804	-0.787236	0.864102	0.000000	
-3.552540	17.382878	408.275904	1.487470	0.514793	-3.493010	-1.165219	1.226531	0.000000	
-3.638784	17.427413	408.101621	1.555516	0.463012	-3.557493	-1.028976	1.388964	0.000000	
-3.854040	17.687194	407.413828	1.425002	0.428433	-3.612790	-0.921008	1.042386	0.000000	
-3.507274	17.424206	407.928800	1.402027	0.410985	-3.594527	-0.916581	1.013845	0.000000	
-3.245471	17.202677	407.068690	1.513301	0.602186	-3.603545	-1.417177	1.315355	0.000000	
-3.158100	17.291927	407.756946	1.556495	0.602054	-3.594526	-1.424838	1.408219	0.000000	
-3.241069	17.945826	407.074649	1.512204	0.566826	-3.547931	-1.330796	1.228611	0.000000	
-3.413790	18.207055	405.872477	1.557955	0.445217	-3.537884	-1.014624	1.316705	0.000000	
-3.458611	18.210303	406.905340	1.577681	0.479714	-3.492133	-1.092531	1.360311	0.000000	
-3.105367	18.556270	406.046812	1.668053	0.549181	-3.537913	-1.305317	1.547506	0.000000	
-3.279605	18.553659	405.188312	1.558087	0.566522	-3.519231	-1.330445	1.280654	0.000000	
-3.234414	18.681536	404.157767	1.537002	0.583817	-3.509568	-1.380997	1.218353	0.000000	
-2.888533	18.204747	405.529073	1.757195	0.671009	-3.556268	-1.631621	1.809777	0.000000	
-2.931199	18.247635	405.012204	1.780815	0.636463	-3.592942	-1.543169	1.866115	0.000000	
-2.886371	18.465260	405.015417	1.735474	0.688219	-3.546824	-1.676042	1.729419	0.000000	
-2.887748	18.248667	405.184318	1.846667	0.653792	-3.583704	-1.590349	2.027536	0.000000	
-2.887992	18.157245	404.325845	1.714102	0.723141	-3.546635	-1.764567	1.715350	0.000000	
-3.146612	18.771086	404.502303	1.690912	0.653213	-3.500354	-1.561631	1.587229	0.000000	
-3.235145	18.640590	403.985060	1.758150	0.531793	-3.499862	-1.252599	1.771152	0.000000	
-3.061104	18.417390	403.297740	1.647937	0.670745	-3.490691	-1.618615	1.527141	0.000000	
-2.886125	18.554949	405.358378	1.824111	0.601435	-3.565202	-1.460819	1.936047	0.000000	
-2.888225	18.160580	404.840333	1.868697	0.705885	-3.565117	-1.720062	2.094078	0.000000	
-2.846536	18.120113	406.216185	1.822466	0.601482	-3.537882	-1.462978	1.976212	0.000000	
-3.019866	18.121186	406.040834	1.891060	0.584602	-3.630173	-1.402258	2.146075	0.000000	
-2.889543	18.122139	406.902033	1.866904	0.671181	-3.593723	-1.627453	2.081092	0.000000	
-3.325307	18.385813	406.045227	1.888891	0.532012	-3.528368	-1.238108	2.110710	0.000000	
-3.283933	18.170067	407.247607	1.887141	0.566740	-3.519728	-1.325303	2.123213	0.000000	
-3.414605	18.215080	407.590872	1.865039	0.549441	-3.538384	-1.267246	2.061731	0.000000	
-3.155117	17.824333	408.789731	1.975421	0.601926	-3.603597	-1.422032	2.368360	0.000000	
-3.417788	17.872833	409.478675	2.083893	0.636516	-3.557585	-1.475101	2.623057	0.000000	
-3.809686	18.178502	408.623168	1.994943	0.514556	-3.473907	-1.134944	2.377395	0.000000	
-3.328933	17.960342	409.819674	2.085679	0.584728	-3.650111	-1.357738	2.615025	0.000000	
-3.458501	18.484789	408.623157	2.150762	0.375543	-3.501157	-0.834301	2.724222	0.000000	
-3.631523	18.619256	409.309143	2.239543	0.427902	-3.566154	-0.941879	2.920676	0.000000	
-3.197010	18.403597	411.199375	2.325339	0.584120	-3.567106	-1.367491	3.137935	0.000000	
-3.152621	18.535382	410.684541	2.480372	0.549313	-3.548097	-1.289045	3.505171	0.000000	
-3.759712	19.012735	408.969487	2.282817	0.531771	-3.519840	-1.181959	2.985012	0.000000	
-3.411359	18.926000	409.657155	2.370091	0.601139	-3.510867	-1.388954	3.202020	0.000000	
-3.584751	19.189944	409.315022	2.458497	0.514152	-3.482700	-1.157845	3.391384	0.000000	
-3.324028	19.012639	408.798243	2.459398	0.444729	-3.482359	-1.018455	3.418417	0.000000	
-3.365754	19.319984	408.972449	2.524978	0.479252	-3.463876	-1.097869	3.542531	0.000000	
-3.320038	19.491436	407.942474	2.504047	0.513930	-3.463484	-1.190038	3.481977	0.000000	
-2.886328	18.968153	408.796307	2.659452	0.583916	-3.547006	-1.408219	3.912818	0.000000	
-2.928189	19.273836	408.283342	2.703559	0.548922	-3.509644	-1.319175	3.991878	0.000000	
-2.753841	19.139984	407.595892	2.726093	0.635779	-3.500199	-1.553670	4.069783	0.000000	
-2.579177	19.140800	407.422361	2.881909	0.549085	-3.527500	-1.361145	4.454060	0.000000	
-2.402630	19.269273	407.249726	2.817091	0.549191	-3.582972	-1.381807	4.282464	0.000000	
-2.530070	19.744302	404.333926	2.862119	0.566003	-3.461390	-1.416645	4.373934	0.000000	
-2.618810	19.612751	404.334579	2.772880	0.565901	-3.424543	-1.406292	4.168195	0.000000	
-2.574365	19.521955	402.957836	2.819516	0.583554	-3.460895	-1.458940	4.310104	0.000000	
-2.095186	19.304017	403.471691	3.018196	0.705264	-3.488768	-1.813788	4.821317	0.000000	
-1.832037	19.256110	402.611075	3.020133	0.774926	-3.534717	-2.020121	4.842888	0.000000	
-1.875792	19.343165	401.752910	3.086795	0.653199	-3.487810	-1.715782	5.010165	0.000000	
-1.917263	19.471566	401.066246	3.043476	0.774812	-3.506244	-2.016662	4.896781	0.000000	
-1.741559	19.554819	399.348210	3.111707	0.705289	-3.486764	-1.870187	5.081076	0.000000	
-2.000211	20.123875	398.665965	3.177199	0.687446	-3.412325	-1.798246	5.189135	0.000000	
-2.175109	19.901495	396.944845	3.135727	0.653074	-3.439346	-1.697853	5.134924	0.000000	
-1.956621	19.946864	397.632407	3.245516	0.705133	-3.448807	-1.851656	5.396110	0.000000	
-1.566366	19.508446	397.630060	3.333984	0.792154	-3.458083	-2.115686	5.669377	0.000000	
-1.214964	19.588713	395.911284	3.292587	0.792207	-3.485088	-2.164531	5.582082	0.000000	
-1.432603	19.546091	395.738482	3.359284	0.914014	-3.512876	-2.447829	5.758214	0.000000	
-1.125998	19.717973	394.880714	3.404265	0.826946	-3.484513	-2.267728	5.865594	0.000000	
-1.082028	19.718967	394.536753	3.581343	0.879120	-3.484196	-2.406810	6.319815	0.000000	
-1.384682	20.284738	393.339006	3.426693	0.704893	-3.400342	-1.934852	5.881079	0.000000	
-1.516503	20.111624	393.164786	3.537961	0.705193	-3.427883	-1.920908	6.187157	0.000000	
-1.384266	20.196210	392.994284	3.449517	0.809286	-3.428075	-2.201966	5.955084	0.000000	
-1.383951	20.328607	393.167146	3.493255	0.757045	-3.409500	-2.068297	6.048010	0.000000	
-1.253694	20.110999	393.336382	3.626445	0.844196	-3.455779	-2.304349	6.409290	0.000000	
-1.516136	20.157898	393.336278	3.714653	0.740003	-3.437013	-2.008743	6.628060	0.000000	
-1.081143	19.940084	394.193254	3.802953	0.740137	-3.474249	-2.056169	6.862091	0.000000	
-1.560990	20.115561	393.681276	3.713210	0.739818	-3.390937	-2.001538	6.623134	0.000000	
-1.555495	20.727027	392.996379	3.869114	0.826552	-3.418237	-2.225836	6.960569	0.000000	
-1.426748	20.643652	393.683600	4.044653	0.704862	-3.381114	-1.928429	7.403258	0.000000	
-0.904447	20.206085	394.538820	4.155494	0.913694	-3.464902	-2.515145	7.718200	0.000000	
-1.383928	20.557867	394.198324	4.088442	0.704923	-3.390535	-1.931464	7.514093	0.000000	
-0.861437	20.253450	395.225715	4.287570	0.809472	-3.464851	-2.252609	8.032656	0.000000	
-0.556987	20.255207	395.914195	4.396622	0.774494	-3.427935	-2.196267	8.293130	0.000000	
-0.948099	20.740431	395.917812	4.505985	0.635186	-3.362814	-1.798922	8.512872	0.000000	
-0.730335	20.964663	398.326038	4.546886	0.582673	-3.335956	-1.683217	8.535413	0.000000	
-0.601923	20.665258	400.384318	4.722586	0.600395	-3.401405	-1.735156	8.962429	0.000000	
-0.340336	21.153994	403.483727	4.783303	0.495283	-3.300731	-1.493496	8.984804	0.000000	
-0.384951	21.515910	407.267282	4.911153	0.338536	-3.274203	-1.092535	9.170108	0.000000	
-0.166264	21.961060	410.022502	5.082728	0.389901	-3.191974	-1.237063	9.473901	0.000000	
0.009112	22.759864	414.155117	5.208169	0.249810	-3.073091	-0.908993	9.588917	0.000000	
0.098785	23.513165	417.425886	5.380193	0.196986	-3.027894	-0.787599	9.839248	0.000000	
-0.114092	25.145154	421.907951	5.438098	-0.047868	-2.862772	-0.178899	9.689083	0.000000	
0.107235	25.985418	425.006368	5.655175	-0.170135	-2.835803	0.083898	10.034882	0.000000	
0.500167	26.657380	431.370324	5.823749	-0.223132	-2.801209	0.159098	10.199186	0.000000	
0.372585	27.898699	436.708929	6.035545	-0.259234	-2.673636	0.249542	10.423074	0.000000	
0.333144	29.229125	443.420403	6.159578	-0.381948	-2.639113	0.521990	10.400022	0.000000	
0.335968	30.564334	450.819609	6.502945	-0.539563	-2.558296	0.857749	10.847160	0.000000	
0.296493	31.984418	458.045729	6.671055	-0.766494	-2.533014	1.338809	10.893148	0.000000	
0.559626	33.190823	467.847756	6.814840	-1.062897	-2.536536	1.912033	10.843996	0.000000	
1.139014	36.278899	478.524668	7.087486	-1.430429	-2.401222	2.574896	10.864592	0.000000	
1.670208	38.719468	490.738392	7.648704	-1.918642	-2.395537	3.448260	11.497536	0.000000	
2.120734	41.942081	503.130419	7.855567	-2.216295	-2.390645	3.906214	11.319451	0.000000	
2.743971	44.907059	516.379113	8.349443	-2.478906	-2.422795	4.251185	11.709452	0.000000	
2.839804	47.658609	530.313399	8.775851	-2.967244	-2.418058	5.044004	11.955031	0.000000	
2.592135	50.894508	545.277841	9.247501	-3.229402	-2.552762	5.398896	12.206237	0.000000	
2.435719	54.826776	559.219658	9.717814	-3.492412	-2.566717	5.739888	12.407910	0.000000	
1.489061	58.155973	574.872707	10.187652	-3.771979	-2.664755	6.137400	12.608361	0.000000	
0.326341	62.183813	589.505658	10.610078	-4.139562	-2.549519	6.691812	12.686153	0.000000	
-0.880285	65.863572	604.819115	11.100861	-4.367389	-2.582711	6.983170	12.884811	0.000000	
-2.221587	69.149677	620.822315	11.367477	-4.456524	-2.533558	7.038319	12.726728	0.000000	
-4.215981	72.390395	634.758606	11.638401	-4.614439	-2.566661	7.270487	12.629110	0.000000	
-5.821646	75.281952	649.555908	11.928279	-4.703260	-2.507757	7.348429	12.572383	0.000000	
-7.779337	77.523451	665.031172	12.397636	-4.790887	-2.615458	7.437589	12.819824	0.000000	
-9.778982	79.841862	677.933349	12.557990	-4.705299	-2.620993	7.299745	12.646277	0.000000	
-11.868300	82.161788	691.181157	12.628623	-4.880559	-2.552418	7.546681	12.342836	0.000000	
-13.912254	84.213672	702.189997	12.814052	-4.829322	-2.584801	7.484589	12.271740	0.000000	
-16.004614	85.698527	714.055325	12.865761	-4.830016	-2.608479	7.490990	12.036935	0.000000	
-18.099170	86.873351	724.204077	12.917321	-4.761391	-2.539064	7.420097	11.858379	0.000000	
-20.626196	88.568652	733.152939	12.682713	-4.762503	-2.450888	7.485962	11.281631	0.000000	
-22.813828	88.562367	742.774607	12.781681	-4.553660	-2.520238	7.239429	11.263200	0.000000	
-24.779399	89.206167	751.371943	12.703510	-4.467198	-2.496627	7.158435	10.985619	0.000000	
-27.355262	90.025177	759.282820	12.471527	-4.537013	-2.463459	7.328764	10.511224	0.000000	
-29.714738	90.493671	767.365688	12.304044	-4.311621	-2.393773	7.096151	10.149335	0.000000	
-31.202270	90.875174	776.648103	12.292191	-4.259787	-2.398051	7.029107	9.984697	0.000000	
-33.427001	91.825580	784.215875	12.369539	-4.121233	-2.364594	6.912223	9.926784	0.000000	
-35.392667	92.511135	792.643641	12.158219	-4.052363	-2.304068	6.862738	9.509968	0.000000	
-37.446954	93.064673	800.213253	11.990341	-3.931556	-2.169225	6.762122	9.174055	0.000000	
-39.763543	93.400022	807.606325	11.780555	-3.862267	-2.126799	6.743654	8.807014	0.000000	
-41.555406	93.638452	813.624589	11.373911	-3.723536	-2.102611	6.622370	8.225207	0.000000	
-43.481217	93.744952	817.584011	11.121065	-3.758956	-1.901345	6.740556	7.867905	0.000000	
-44.930740	92.972529	822.051760	10.693067	-3.619969	-1.821092	6.614347	7.345259	0.000000	
-46.032685	91.981190	827.375248	10.199579	-3.619694	-1.805817	6.630794	6.753752	0.000000	
-47.439067	91.211501	831.842572	9.970737	-3.567476	-1.725149	6.608587	6.482510	0.000000	
-47.886233	90.348701	837.167822	9.521266	-3.689168	-1.672568	6.734556	5.948905	0.000000	
-48.245390	89.134897	841.972052	9.229226	-3.549554	-1.749447	6.548205	5.631850	0.000000	
-48.646597	88.530233	846.442731	8.690505	-3.497995	-1.632120	6.472912	4.996115	0.000000	
-49.353040	87.882702	850.222150	8.198734	-3.584883	-1.588214	6.583220	4.428523	0.000000	
-50.013325	87.579390	852.633213	7.595376	-3.550846	-1.433037	6.559464	3.723440	0.000000	
-50.720413	86.757280	855.722087	7.238087	-3.724228	-1.425513	6.775331	3.335037	0.000000	
-51.209927	85.752909	858.298613	6.547984	-3.689561	-1.353817	6.739936	2.573475	0.000000	
-51.394468	84.704968	861.390626	5.901551	-3.654970	-1.282240	6.684353	1.868135	0.000000	
-51.710045	83.525716	863.448393	5.368262	-3.724134	-1.265426	6.764619	1.307825	0.000000	
-51.898295	81.646717	866.188112	4.790909	-3.601714	-1.314099	6.610929	0.735538	0.000000	
-52.129420	79.938113	867.727419	4.037338	-3.601180	-1.306735	6.610305	-0.044395	0.000000	
-52.313240	78.754971	869.269867	3.394039	-3.583562	-1.289971	6.587500	-0.722529	0.000000	
-52.892250	77.440704	870.813902	2.528246	-3.653002	-1.199440	6.685623	-1.646831	0.000000	
-53.383155	76.082774	872.869568	1.620234	-3.774109	-1.220081	6.833790	-2.612689	0.000000	
-53.743537	74.327357	872.688889	0.957494	-3.651658	-1.249058	6.713960	-3.279979	0.000000	
-54.016146	72.923990	874.744399	0.027554	-3.738040	-1.279019	6.810561	-4.262607	0.000000	
-54.376926	71.166475	875.939610	-1.056471	-3.615786	-1.318432	6.680240	-5.402625	0.000000	
-54.611876	68.493260	876.954121	-1.851097	-3.440473	-1.450040	6.484579	-6.162728	0.000000	
-55.013535	67.130111	877.978879	-2.846169	-3.370428	-1.498383	6.417930	-7.217976	0.000000	
-55.507058	64.890270	878.308595	-3.927151	-3.282171	-1.629892	6.340783	-8.328822	0.000000	
-55.831164	62.037883	879.839761	-5.231183	-3.159186	-1.734600	6.206391	-9.648037	0.000000	
-56.545286	59.450514	880.509247	-6.311430	-3.122604	-1.912468	6.197221	-10.732649	0.000000	
-57.217087	56.640442	880.833856	-7.656046	-3.155430	-2.099705	6.267194	-12.108559	0.000000	
-58.148379	54.222695	880.649331	-9.069201	-3.015157	-2.185341	6.157959	-13.589316	0.000000	
-58.598383	51.893030	882.523079	-10.591591	-2.978781	-2.419788	6.126488	-15.164983	0.000000	
-58.659673	48.733211	884.733623	-11.914071	-2.768002	-2.737667	5.875367	-16.458635	0.000000	
-58.847301	46.266644	885.918283	-13.611402	-2.731463	-3.018282	5.835606	-18.224995	0.000000	
-60.303553	44.029632	888.140771	-15.336565	-2.799821	-3.095857	5.972673	-20.007052	0.000000	
-60.277248	40.913802	891.038319	-16.725490	-2.606399	-3.441864	5.733827	-21.341307	0.000000	
-61.207461	38.537979	892.911198	-18.667090	-2.674103	-3.704510	5.844932	-23.349502	0.000000	
-61.702888	35.723844	893.749379	-20.275490	-2.619835	-3.994185	5.803957	-24.982725	0.000000	
-60.970824	33.561329	896.307542	-21.927460	-2.618029	-4.386158	5.746916	-26.644766	0.000000	
-60.717367	31.840186	898.356340	-23.404764	-2.599371	-4.657466	5.699360	-28.141317	0.000000	
-60.809770	30.373641	898.171382	-25.188256	-2.650129	-4.946595	5.761845	-30.057560	0.000000	
-60.912222	27.604766	900.209980	-26.751841	-2.734658	-5.310494	5.847244	-31.585876	0.000000	
-60.971750	24.790130	901.735657	-28.360737	-2.750020	-5.600330	5.856909	-33.173770	0.000000	
-60.504746	22.140357	902.231955	-30.255250	-2.713497	-5.908623	5.789215	-35.120410	0.000000	
-60.349401	18.884323	903.069990	-31.997135	-2.728949	-6.142880	5.792754	-36.851148	0.000000	
-60.324578	15.628001	903.218551	-33.692855	-2.848347	-6.413606	5.922678	-38.556650	0.000000	
-60.472698	12.155322	903.364788	-35.123173	-2.446119	-6.768053	5.483961	-39.956880	0.000000	
-60.667191	8.725842	904.201030	-36.886795	-2.391801	-7.030238	5.428434	-41.696260	0.000000	
-61.908466	5.646253	903.497118	-38.851056	-2.390136	-7.134801	5.494289	-43.745577	0.000000	
-62.980953	1.608479	903.816950	-40.638683	-2.214023	-7.313885	5.351997	-45.502508	0.000000	
-64.094904	-2.256478	903.105851	-42.380447	-2.020468	-7.510959	5.198899	-47.269645	0.000000	
-65.208733	-6.168645	901.192917	-44.143882	-1.774838	-7.670628	4.994906	-49.125993	0.000000	
-66.679372	-10.901456	901.508422	-45.799237	-1.580872	-7.840411	4.852975	-50.703541	0.000000	
-68.359850	-14.368452	901.146303	-47.521765	-1.370443	-7.935919	4.707362	-52.458146	0.000000	
-69.209322	-17.925100	900.265228	-48.888206	-1.038075	-8.123320	4.386507	-53.845030	0.000000	
-70.057139	-20.958163	899.562573	-50.411552	-0.828097	-8.199797	4.200126	-55.424980	0.000000	
-71.208759	-23.681480	897.314899	-51.514591	-0.635590	-8.210244	4.055943	-56.652250	0.000000	
-72.053438	-25.926759	896.106416	-52.930494	-0.478812	-8.110480	3.930252	-58.192776	0.000000	
-71.950842	-30.538489	893.846407	-54.163616	-0.285305	-8.222921	3.719189	-59.480862	0.000000	
-72.147559	-33.927525	891.424471	-55.685458	-0.370793	-8.224175	3.836179	-61.173450	0.000000	
-72.221009	-38.182117	891.233158	-56.923949	-0.299740	-8.189360	3.761136	-62.356405	0.000000	
-73.430664	-42.390116	890.358990	-58.341967	-0.194281	-8.015914	3.709213	-63.792294	0.000000	
-73.808349	-46.864392	889.133292	-59.489883	0.155293	-8.064232	3.341134	-64.939049	0.000000	
-75.494232	-50.814753	885.509902	-60.904391	0.313087	-7.908155	3.265482	-66.594972	0.000000	
-75.298501	-54.514429	882.056291	-62.337281	0.488235	-7.909243	3.070681	-68.285371	0.000000	
-73.907565	-61.356558	881.509802	-63.664769	0.420889	-7.791096	3.076549	-69.476110	0.000000	
-72.064874	-66.099987	881.143159	-64.746765	0.144374	-7.755340	3.295521	-70.485011	0.000000	
-70.069126	-67.176711	879.777224	-65.988865	-0.239692	-7.395138	3.633253	-71.949242	0.000000	
-69.866019	-69.200042	876.851589	-66.431547	-0.239563	-7.200446	3.635584	-72.586429	0.000000	
-68.784409	-70.401484	873.932558	-67.161555	-0.361913	-6.978035	3.731784	-73.599390	0.000000	
-68.700217	-70.549956	869.133781	-67.650493	-0.328744	-6.588249	3.711449	-74.557927	0.000000	
-66.916137	-71.491268	865.352264	-68.022839	-0.485460	-6.485076	3.815212	-75.261959	0.000000	
-66.843003	-72.862492	859.862518	-68.425516	-0.556426	-5.946865	3.920134	-76.134455	0.000000	
-65.540361	-74.064317	855.738738	-68.733512	-0.365731	-5.788580	3.647590	-76.794420	0.000000	
-65.239779	-74.567310	848.875141	-69.131397	-0.436535	-5.388363	3.746659	-77.853096	0.000000	
-64.804272	-74.412879	841.157568	-69.198312	-0.507864	-4.913225	3.844801	-78.651199	0.000000	
-64.842500	-73.995786	832.574688	-69.105168	-0.369680	-4.669044	3.723720	-79.368471	0.000000	
-63.447718	-74.372151	822.961221	-68.792836	-0.284184	-4.257534	3.588886	-79.889706	0.000000	
-62.166621	-72.705306	808.546918	-68.408121	-0.286258	-3.843464	3.587942	-80.924854	0.000000	
-60.662124	-69.897942	794.660857	-67.741039	-0.237646	-3.234956	3.507655	-81.654103	0.000000	
-58.712522	-66.708284	776.645571	-66.799916	-0.066665	-2.809346	3.260401	-82.514812	0.000000	
-56.191647	-63.084722	756.913916	-65.524860	0.069415	-2.382373	3.020274	-83.189723	0.000000	
-53.421364	-61.254651	735.279918	-63.960155	0.102323	-1.944914	2.899945	-83.610459	0.000000	
-49.891354	-57.469116	711.764099	-62.434893	0.221400	-1.617525	2.610267	-84.459594	0.000000	
-46.840109	-52.971077	688.429752	-60.207576	0.409056	-1.076599	2.232496	-84.372215	0.000000	
-43.075830	-46.740430	659.092722	-57.687913	0.595566	-0.421439	1.799594	-84.719538	0.000000	
-39.050314	-41.296925	626.992012	-54.452738	0.853301	0.004565	1.200772	-84.273348	0.000000	
-33.171336	-33.599805	591.292537	-51.077630	1.075288	0.331060	0.458639	-84.224884	0.000000	
-26.868799	-27.606388	554.381885	-47.304901	1.263157	0.741809	-0.352648	-83.494405	0.000000	
-19.213597	-21.985278	512.488428	-43.748098	1.346488	1.228646	-1.206646	-83.846849	0.000000	
-10.712487	-14.091026	467.859324	-39.217721	1.532683	1.819895	-2.526927	-82.894767	0.000000	
-2.607171	-7.507392	422.348564	-34.522201	1.704298	1.976979	-4.055976	-81.377742	0.000000	
3.826414	4.027797	375.845483	-29.370236	2.028826	2.505171	-6.171401	-79.094875	0.000000	
12.273252	10.219171	325.193454	-23.598989	2.459215	3.248218	-9.604155	-74.472601	0.000000	
19.178445	20.217885	272.666236	-17.645576	2.802066	3.844760	-13.818575	-68.584813	0.000000	
22.459413	22.982659	222.998246	-12.104493	3.412500	3.836928	-20.243027	-59.481275	0.000000	
24.375911	32.977469	182.517569	-7.723951	4.049016	4.832050	-28.635841	-51.091953	0.000000	
27.983946	34.499659	148.836795	-3.421583	4.414601	5.028427	-38.618961	-34.114356	0.000000	
28.595978	39.024350	121.535063	0.714675	4.917553	5.332584	-51.595986	-9.355152	0.000000	
28.946407	44.253496	99.227701	4.091111	5.314987	5.753924	-67.294557	20.246220	0.000000	
27.109176	27.467617	79.661343	7.121962	6.009013	4.543072	-91.399265	73.076209	0.000000	
18.814251	18.921530	63.256046	8.300092	6.349712	3.958034	-114.375068	116.989799	0.000000	
16.663959	9.877087	58.374198	8.535911	6.583214	3.478176	-126.219497	137.982727	0.000000	
19.764410	15.574771	57.200489	8.167381	6.389055	3.294367	-127.903506	129.796152	0.000000	
21.776982	11.782621	62.520574	8.395798	5.919328	3.755223	-111.014111	125.157538	0.000000	
20.974766	14.844445	64.245732	8.157985	6.110431	3.384177	-110.441154	115.889401	0.000000	
17.592924	12.940885	63.737232	8.121858	6.526769	3.947340	-115.409884	117.625369	0.000000	
17.697345	13.722555	62.513376	8.316554	6.529721	3.199175	-117.787467	122.476115	0.000000	
19.392485	14.107634	61.507895	8.303614	6.300266	3.902956	-117.245903	123.987197	0.000000	
21.061036	14.448815	62.005838	8.449618	6.041658	3.320910	-113.374604	125.089274	0.000000	
20.220532	13.355078	61.152669	8.088845	6.266697	3.653172	-117.999472	121.764455	0.000000	
18.782263	13.192951	63.375569	8.158111	6.459463	3.346680	-115.868470	118.688202	0.000000	
19.040494	12.798970	63.032845	8.266876	6.528719	3.439328	-117.784084	121.349229	0.000000	
19.447622	15.202660	62.706937	8.419375	6.300987	3.597529	-115.061802	122.650003	0.000000	
19.960921	13.494196	62.348998	8.400948	6.198093	3.468223	-114.449225	124.322354	0.000000	
19.616195	14.148050	62.355624	8.134147	6.301711	3.523214	-115.844379	119.547784	0.000000	
19.304759	13.231092	61.832691	8.157862	6.267780	3.477175	-116.040946	121.628770	0.000000	
19.786033	13.318451	63.207642	8.157018	6.389288	3.430183	-115.796148	118.896065	0.000000	
19.828244	13.321062	63.553002	8.265844	6.336917	3.495000	-114.375074	119.957963	0.000000	
19.571211	13.889226	62.866725	8.289868	6.284845	3.449219	-114.603838	121.238639	0.000000	
19.307418	13.890744	61.667515	8.442897	6.214937	3.598011	-115.496034	126.085577	0.000000	
19.349807	13.189289	62.171664	8.314890	6.303125	3.347718	-116.011796	123.519795	0.000000	
20.003547	13.405770	62.522531	8.311143	6.267349	3.514145	-115.271479	122.604761	0.000000	
19.830693	13.405269	62.863605	8.202103	6.371979	3.411942	-116.185570	120.202893	0.000000	
19.654595	13.233250	62.861102	8.313193	6.285409	3.393706	-114.684090	122.100876	0.000000	
19.524911	13.495674	63.207893	8.201385	6.302456	3.430379	-114.231806	119.468477	0.000000	
19.482289	13.496537	63.206113	8.290786	6.372210	3.374904	-115.307575	120.885656	0.000000	
19.527218	14.062591	62.183549	8.222260	6.180098	3.560578	-114.142528	121.360102	0.000000	
19.570296	13.666402	61.662474	8.180921	6.250249	3.449632	-116.274329	122.014815	0.000000	
19.572059	13.974927	62.524954	8.245232	6.371515	3.476923	-116.615398	121.126879	0.000000	
19.310813	14.193363	61.668744	8.244774	6.301736	3.551394	-116.903779	122.644496	0.000000	
19.524905	13.498188	63.893895	8.267710	6.285237	3.393204	-112.739127	119.217126	0.000000	
19.481659	13.540398	63.552624	8.222556	6.406595	3.439340	-115.221136	119.118694	0.000000	
19.481500	13.450716	62.862975	8.158244	6.285247	3.402748	-114.551367	119.473135	0.000000	
19.481796	13.582109	62.866161	8.178732	6.354373	3.467413	-115.645371	119.696759	0.000000	
19.350446	13.581229	62.178213	8.135567	6.198092	3.477141	-114.310841	120.332596	0.000000	
19.525879	13.757439	62.696000	8.222595	6.267302	3.504698	-114.601994	120.593772	0.000000	
19.483279	13.798791	61.836682	8.201677	6.284738	3.495774	-116.440589	121.906899	0.000000	
19.657681	13.799822	62.351054	8.246112	6.215330	3.467989	-114.498066	121.609346	0.000000	
19.569498	13.756674	62.696073	8.178459	6.249906	3.504668	-114.356412	119.890232	0.000000	
19.482663	13.448865	62.174442	8.181837	6.337554	3.366012	-116.658714	121.182110	0.000000	
19.743438	13.493486	62.519783	8.246887	6.233021	3.421625	-114.535989	121.517819	0.000000	
19.611449	13.275762	63.033352	8.180528	6.302746	3.384173	-114.615059	119.630241	0.000000	
19.311113	14.062354	62.179557	8.180628	6.250172	3.430929	-115.116850	120.698544	0.000000	
19.614803	13.886487	62.695040	8.113492	6.215307	3.449164	-113.839697	118.760665	0.000000	
19.395710	13.756730	61.835805	8.290248	6.284860	3.486638	-116.379029	123.372310	0.000000	
19.527777	13.885264	61.321383	8.246566	6.267359	3.496104	-117.166495	123.602284	0.000000	
19.308225	13.800528	62.008078	8.201611	6.215312	3.495795	-114.870020	121.566325	0.000000	
19.568810	13.406039	62.862718	8.136275	6.320009	3.393418	-115.168749	119.156853	0.000000	
19.568178	13.363121	62.862475	8.180369	6.285276	3.402777	-114.616193	119.890184	0.000000	
19.613839	13.540644	63.377235	8.357526	6.372286	3.347192	-115.093792	121.579060	0.000000	
19.613283	13.492851	62.691884	8.158247	6.372029	3.402702	-116.344173	119.769555	0.000000	
19.613215	13.494801	62.862660	8.269041	6.337409	3.384338	-115.478155	121.203978	0.000000	
19.787793	13.493271	62.692098	8.268549	6.389348	3.412087	-116.748139	121.528247	0.000000	
19.310485	13.972485	61.320547	8.136959	6.215394	3.459037	-116.157576	121.751072	0.000000	
19.529652	14.103190	61.836942	8.114460	6.232633	3.449533	-115.632004	120.269402	0.000000	
19.655542	13.362589	62.346885	8.269267	6.267906	3.412409	-115.347409	122.311664	0.000000	
19.524743	13.451866	63.035309	8.223944	6.285170	3.421261	-114.269376	120.186678	0.000000	
19.178060	13.756456	62.006355	8.158386	6.285063	3.440125	-115.901490	120.905320	0.000000	
19.830957	13.406717	63.377549	8.224640	6.354793	3.365535	-114.974886	119.578972	0.000000	
19.484316	13.796938	60.803928	8.270083	6.267614	3.459361	-118.132318	125.111694	0.000000	
19.569357	13.493735	62.518546	8.203442	6.233215	3.384561	-114.413195	120.825135	0.000000	
19.875156	13.492695	62.690878	8.247332	6.302601	3.384460	-115.430824	121.192608	0.000000	
19.613999	13.539284	62.861019	8.336452	6.302879	3.338253	-114.932431	122.246963	0.000000	
19.654912	13.322090	63.892019	8.224255	6.250660	3.365449	-112.294901	118.667354	0.000000	
19.396302	13.799263	61.833842	8.181362	6.146102	3.431226	-114.139115	121.583640	0.000000	
19.395825	13.802715	63.036712	8.224208	6.180826	3.421452	-112.517428	119.932018	0.000000	
19.310345	13.975800	62.350386	8.202818	6.215523	3.421682	-114.246006	120.786392	0.000000	
19.223376	14.063069	62.352434	8.157635	6.267426	3.458529	-115.010471	119.993356	0.000000	
19.395368	13.755679	62.178842	8.113787	6.163286	3.467940	-113.783183	119.851969	0.000000	
19.656974	13.498549	63.892211	8.401316	6.372325	3.337776	-114.200263	121.311131	0.000000	
19.656988	13.406481	62.859910	8.226419	6.285606	3.319624	-114.691139	120.595923	0.000000	
19.614108	13.537459	62.689371	8.226212	6.285480	3.338204	-114.968818	120.825766	0.000000	
19.617077	14.104541	62.523223	8.136565	6.232739	3.412277	-114.432175	119.296801	0.000000	
19.441344	13.885504	61.662322	8.181744	6.232967	3.412683	-115.898100	121.864923	0.000000	
19.484581	13.800654	62.348465	8.291830	6.302592	3.384673	-115.774614	122.347063	0.000000	
19.309258	13.797334	61.320079	8.114554	6.250170	3.468181	-116.724653	121.518085	0.000000	
19.440007	13.801447	62.349227	8.291254	6.215610	3.421796	-114.345231	122.335739	0.000000	
19.657159	13.406627	62.861393	8.269615	6.424436	3.347206	-116.897074	121.280116	0.000000	
19.527753	13.580400	62.690849	8.181288	6.459092	3.347113	-117.672055	120.074795	0.000000	
19.481340	13.408783	63.550789	8.201213	6.424182	3.402280	-115.500960	118.881631	0.000000	
19.701170	13.451339	63.374533	8.248719	6.285711	3.282444	-113.796030	119.932223	0.000000	
19.613733	13.360642	61.829767	8.270898	6.407161	3.347683	-118.530696	123.366286	0.000000	
19.744082	13.404893	62.690105	8.181246	6.354839	3.365772	-116.169287	120.204398	0.000000	
19.397953	13.974199	61.492003	8.291529	6.267559	3.449851	-116.748333	123.922702	0.000000	
19.440778	13.975882	62.694350	8.180290	6.163318	3.430839	-112.883940	119.761815	0.000000	
19.657189	13.405093	62.517572	8.203881	6.372330	3.347350	-116.704838	120.899309	0.000000	
19.613247	13.537510	62.691187	8.202947	6.267864	3.393685	-114.683867	120.451117	0.000000	
19.787867	13.492961	63.206137	8.136587	6.302636	3.365577	-114.429297	118.448594	0.000000	
19.480788	13.186995	62.516104	8.137670	6.320368	3.347305	-115.746528	120.003622	0.000000	
19.483092	13.583803	63.205023	8.269746	6.285483	3.338031	-113.937994	120.491316	0.000000	
19.352471	13.628271	63.548894	8.203143	6.302861	3.328506	-113.501959	118.756591	0.000000	
19.309601	13.886635	61.835693	8.158382	6.232786	3.458802	-115.473025	121.143325	0.000000	
19.483411	13.712679	62.347522	8.203826	6.163670	3.384762	-113.547309	121.002355	0.000000	
19.442126	13.974254	62.350061	8.181120	6.302431	3.393782	-115.737743	120.440160	0.000000	
19.263461	13.321795	62.859541	8.270140	6.337841	3.328810	-115.234662	121.354174	0.000000	
19.352808	13.800444	62.006319	8.246939	6.250291	3.440320	-115.470476	122.300879	0.000000	
19.570407	13.537782	62.690625	8.247442	6.372214	3.365835	-116.317965	121.161762	0.000000	
19.309396	13.757411	62.176792	8.269526	6.285219	3.403223	-115.684343	122.359434	0.000000	
19.528794	13.974053	62.004888	8.204510	6.076707	3.385082	-112.804245	121.490553	0.000000	
19.398338	14.018555	62.177738	8.203761	6.180872	3.394082	-114.070224	121.106570	0.000000	
19.438409	13.496762	63.550412	8.223805	6.389505	3.383876	-114.924884	119.174115	0.000000	
19.655417	13.276712	63.203761	8.247492	6.285543	3.347230	-114.066697	120.365258	0.000000	
19.485664	13.884122	61.661404	8.116219	6.250457	3.375578	-116.216537	120.805127	0.000000	
19.222640	13.846053	62.348649	8.291644	6.267871	3.393959	-115.024031	122.310210	0.000000	
19.442375	14.018162	62.006116	8.247985	6.250353	3.394113	-115.538339	122.156535	0.000000	
19.309615	13.888075	62.350730	8.180213	6.250213	3.440082	-114.801207	120.487925	0.000000	
19.353844	13.975201	62.179158	8.202635	6.215440	3.440256	-114.590633	121.117776	0.000000	
19.569498	13.452274	62.860701	8.336283	6.285530	3.347515	-114.624439	122.308603	0.000000	
19.481760	13.496086	63.551098	8.179265	6.372028	3.402341	-114.680043	118.472451	0.000000	
19.571107	13.626984	63.033688	8.313984	6.354929	3.338069	-115.412849	121.490360	0.000000	
19.789138	13.538184	62.688712	8.381220	6.337669	3.319854	-115.931042	123.299178	0.000000	
19.656862	13.495745	63.720948	8.202575	6.320118	3.346908	-113.686994	118.521501	0.000000	
19.351824	13.714248	62.522313	8.245759	6.302327	3.458495	-115.351584	121.332340	0.000000	
19.354067	14.019817	62.522376	8.202724	6.180745	3.421668	-113.408505	120.418961	0.000000	
19.439532	13.758511	63.036445	8.224274	6.232976	3.412121	-113.377119	119.965861	0.000000	
19.394670	13.409139	63.031678	8.270174	6.268282	3.328863	-113.913039	120.958269	0.000000	
19.613748	13.494426	62.861017	8.248052	6.302868	3.338126	-114.932072	120.873547	0.000000	
19.658612	13.669606	63.205569	8.225757	6.302777	3.328717	-114.338440	119.731834	0.000000	
19.528052	13.713788	63.206764	8.225064	6.389546	3.347069	-115.613982	119.686425	0.000000	
19.482270	13.408342	62.861353	8.313605	6.407096	3.356528	-116.493262	121.978742	0.000000	
19.485673	13.972778	62.179021	8.114639	6.302322	3.412265	-116.085757	119.704621	0.000000	
19.398574	14.061583	62.351405	8.136401	6.267528	3.421524	-115.143319	119.655882	0.000000	
19.353755	13.886445	62.178070	8.114793	6.232939	3.412356	-114.873994	119.772844	0.000000	
19.570537	13.493861	62.860668	8.204145	6.337677	3.319513	-115.454824	120.176151	0.000000	
19.701430	13.539440	63.547944	8.269906	6.320278	3.310094	-114.030467	119.873301	0.000000	
19.612626	13.364963	63.890782	8.181109	6.302974	3.309823	-113.085410	117.963470	0.000000	
19.570131	13.496704	63.548006	8.291661	6.355040	3.319302	-114.482282	120.246479	0.000000	
19.658291	13.536341	62.516672	8.204941	6.285589	3.310511	-115.319841	120.821394	0.000000	
19.700910	13.449673	63.032676	8.181725	6.320238	3.328686	-114.959111	119.523536	0.000000	
19.179051	13.845285	62.004754	8.270046	6.233161	3.394133	-115.068139	122.643352	0.000000	
19.308697	13.755689	61.834064	8.158932	6.180835	3.440377	-114.635206	121.252893	0.000000	
19.268681	14.104979	61.318418	8.249115	6.198336	3.385248	-115.852024	123.484939	0.000000	
19.223539	13.978344	62.864420	8.291428	6.267855	3.375249	-114.083218	121.202669	0.000000	
19.311481	14.063971	62.350372	8.291425	6.285059	3.403208	-115.362110	122.142450	0.000000	
