NO_OF_SAMPLES	693
FREQUENCY	400
TIME_STAMP	2020-08-07, 12:50:03.858	3141.04274616
FIRST_SAMPLE	2017
DESCRIPTION	Force data in local (force plate) coordinates
DATA_INCLUDED	Force
FORCE_PLATE_TYPE	Amti
FORCE_PLATE_MODEL	Unknown
FORCE_PLATE_NAME	7391
FORCE_PLATE_CORNER_POSX_POSY_X	579.468012
FORCE_PLATE_CORNER_POSX_POSY_Y	379.240990
FORCE_PLATE_CORNER_POSX_POSY_Z	-16.077699
FORCE_PLATE_CORNER_NEGX_POSY_X	577.150047
FORCE_PLATE_CORNER_NEGX_POSY_Y	-4.550730
FORCE_PLATE_CORNER_NEGX_POSY_Z	-16.474199
FORCE_PLATE_CORNER_NEGX_NEGY_X	-4.632410
FORCE_PLATE_CORNER_NEGX_NEGY_Y	2.957070
FORCE_PLATE_CORNER_NEGX_NEGY_Z	-16.989401
FORCE_PLATE_CORNER_POSX_NEGY_X	-3.978860
FORCE_PLATE_CORNER_POSX_NEGY_Y	381.323993
FORCE_PLATE_CORNER_POSX_NEGY_Z	-17.207799
FORCE_PLATE_OFFSET_X	-0.304800
FORCE_PLATE_OFFSET_Y	-0.457200
FORCE_PLATE_OFFSET_Z	-46.024800
FORCE_PLATE_LENGTH	599.948000
FORCE_PLATE_WIDTH	400.050000
Force_X	Force_Y	Force_Z	Moment_X	Moment_Y	Moment_Z	COP_X	COP_Y	COP_Z
1.908440	17.119981	424.753462	18.198313	-8.682327	3.824887	19.929270	40.532152	0.000000	
1.605393	17.599814	423.898418	18.109800	-8.804323	3.890094	20.290782	40.353926	0.000000	
1.691492	17.511738	423.384398	18.175282	-8.787163	3.955116	20.265897	40.567712	0.000000	
1.776900	17.469380	423.557507	18.218229	-8.909006	4.020027	20.535875	40.656944	0.000000	
1.559850	17.469164	423.384988	18.196682	-8.769848	3.982846	20.239282	40.622828	0.000000	
1.735112	17.555260	423.042451	18.240901	-8.752621	4.001549	20.196128	40.751249	0.000000	
1.779752	17.553689	422.353237	18.287008	-8.769745	3.955709	20.265261	40.927833	0.000000	
1.866434	17.469314	423.727276	18.329877	-8.665463	3.927252	19.943037	40.903970	0.000000	
1.737203	17.642648	422.698070	18.374483	-8.596096	3.955409	19.842302	41.091330	0.000000	
1.647898	17.426790	423.040548	18.462229	-8.595983	3.964597	19.835440	41.288596	0.000000	
1.735354	17.514750	423.212502	18.484398	-8.682887	3.964704	20.023092	41.314451	0.000000	
1.603877	17.472154	423.041656	18.549854	-8.613486	4.001736	19.881552	41.490682	0.000000	
1.300492	17.908074	422.187711	18.460485	-8.648746	4.094544	20.038973	41.316326	0.000000	
1.648745	17.603319	422.697659	18.639189	-8.648167	3.983588	19.975141	41.721884	0.000000	
1.562060	17.691006	422.528318	18.682163	-8.509428	4.029743	19.664357	41.830942	0.000000	
1.127551	18.261420	422.704933	18.548207	-8.718379	4.103816	20.197642	41.434265	0.000000	
1.041356	18.349779	422.017146	18.725963	-8.700886	4.095092	20.199007	41.914108	0.000000	
0.862328	18.179004	423.395967	18.610650	-8.753606	4.242337	20.276212	41.522334	0.000000	
1.123583	17.742691	423.903831	18.768142	-8.648501	4.075683	19.975244	41.890938	0.000000	
1.168499	17.876418	424.762475	18.856380	-8.596294	4.029121	19.806474	41.998577	0.000000	
0.989824	17.616164	425.280517	18.764763	-8.631426	4.149000	19.883920	41.759599	0.000000	
0.902629	17.574676	425.965883	18.787166	-8.613800	4.093204	19.819480	41.748750	0.000000	
0.815134	17.575080	425.449962	18.854057	-8.683228	4.102874	20.016535	41.957111	0.000000	
0.554079	17.880646	425.282505	18.697869	-8.753189	4.186083	20.217294	41.573486	0.000000	
0.463027	17.534094	426.655220	18.585966	-8.857301	4.185444	20.405107	41.213363	0.000000	
0.201455	17.579379	426.311244	18.652649	-8.874570	4.185699	20.490566	41.398513	0.000000	
0.290187	17.664246	425.624266	18.653565	-8.822463	4.176690	20.392109	41.459047	0.000000	
0.284548	17.053848	426.825441	18.496636	-8.839798	4.212897	20.375087	41.039240	0.000000	
0.328773	17.008999	426.480354	18.519875	-8.804867	4.176035	20.305141	41.132148	0.000000	
0.371879	16.704440	426.647594	18.676048	-8.682702	4.083480	20.006077	41.514745	0.000000	
0.545368	16.572301	427.163807	18.586475	-8.613361	4.101514	19.800508	41.268568	0.000000	
0.456971	16.395372	426.130605	18.544091	-8.752098	4.092858	20.184378	41.289385	0.000000	
0.152859	16.704252	426.477137	18.564826	-8.734973	4.129705	20.160395	41.270748	0.000000	
0.239638	16.747073	426.650945	18.475335	-8.769998	4.175810	20.224790	41.039378	0.000000	
0.153008	16.701643	426.135836	18.453386	-8.613630	4.175749	19.892019	41.042938	0.000000	
0.107285	16.571046	425.790701	18.454073	-8.856745	4.194764	20.484304	41.092308	0.000000	
0.107891	16.704180	426.479879	18.496790	-8.770081	4.212891	20.247436	41.110960	0.000000	
0.629753	16.266557	427.334228	18.564030	-8.700159	4.120015	19.986517	41.232335	0.000000	
0.543527	16.442235	427.507439	18.563547	-8.682907	4.129170	19.947225	41.195399	0.000000	
0.849140	16.440778	427.335109	18.608402	-8.735029	4.120166	20.044446	41.317319	0.000000	
0.411781	16.266930	426.817498	18.587238	-8.752079	4.101845	20.156232	41.337141	0.000000	
0.411674	16.268342	427.160817	18.631223	-8.752040	4.092507	20.139709	41.406368	0.000000	
0.064401	16.839607	427.166929	18.651094	-8.856908	4.203700	20.422329	41.390735	0.000000	
0.022121	17.103550	427.512649	18.694464	-8.857114	4.222126	20.410601	41.429927	0.000000	
0.415873	17.100483	427.512527	18.672849	-8.770282	4.194247	20.165106	41.379709	0.000000	
0.193912	16.494451	428.707418	18.806635	-8.804128	4.073658	20.210832	41.640232	0.000000	
0.108381	16.803874	429.741400	18.870913	-8.682807	4.091618	19.888318	41.655378	0.000000	
-0.282010	17.459457	428.200437	18.870938	-8.996125	4.213049	20.734657	41.736521	0.000000	
-0.415326	17.075234	430.945563	19.067832	-8.769736	4.119224	20.089543	41.965670	0.000000	
-0.066254	17.027641	430.258668	19.046320	-8.787232	4.138043	20.125424	41.988489	0.000000	
-0.370502	17.340569	431.461539	19.200324	-8.874023	4.110126	20.302077	42.193712	0.000000	
-0.678917	17.038493	431.977024	19.264584	-8.769779	4.156006	20.069030	42.323759	0.000000	
-0.679338	17.173972	433.180513	19.329524	-8.874129	4.164989	20.253362	42.340420	0.000000	
-0.766527	17.218527	432.837702	19.417655	-8.856827	4.192976	20.238943	42.573191	0.000000	
-1.288159	17.878692	433.359912	19.370598	-8.979165	4.303871	20.551887	42.342640	0.000000	
-1.287795	17.835116	433.014431	19.460221	-8.978929	4.267152	20.567943	42.588394	0.000000	
-1.505512	18.056933	433.875799	19.436459	-8.996522	4.294515	20.590150	42.424639	0.000000	
-1.638458	17.798670	434.216819	19.613196	-8.996219	4.276075	20.587134	42.825360	0.000000	
-1.768431	18.019940	435.078230	19.611565	-8.944323	4.294118	20.440238	42.712510	0.000000	
-1.728694	17.544008	435.761993	19.854101	-8.943990	4.284856	20.402727	43.251617	0.000000	
-1.948425	17.417094	436.620822	19.918935	-8.891767	4.293701	20.265550	43.327511	0.000000	
-1.904758	17.375793	437.306015	20.007728	-8.891521	4.238034	20.228159	43.466299	0.000000	
-2.339499	17.901491	436.279619	20.007317	-9.135239	4.340615	20.880958	43.513235	0.000000	
-2.469187	18.168136	437.999890	19.983105	-9.065934	4.330482	20.653146	43.257241	0.000000	
-2.602948	17.863898	437.312250	20.159218	-9.048546	4.395692	20.660418	43.760715	0.000000	
-2.646523	17.953276	437.656002	20.203187	-9.118048	4.395716	20.807337	43.817050	0.000000	
-2.515048	18.040942	437.655855	20.269881	-9.170166	4.386662	20.912602	43.960234	0.000000	
-2.734352	17.914696	438.513662	20.401571	-9.100484	4.367829	20.735211	44.186907	0.000000	
-2.298849	17.740941	439.371024	20.533923	-9.048255	4.330576	20.529663	44.419223	0.000000	
-2.300557	17.616390	440.743611	20.754257	-9.117485	4.293379	20.622032	44.792387	0.000000	
-2.650834	17.664610	441.261178	20.818404	-9.117691	4.357950	20.634488	44.879655	0.000000	
-2.868393	17.751210	440.403056	20.818770	-9.117746	4.386064	20.698150	44.959775	0.000000	
-2.693113	17.885455	441.089378	20.995800	-9.187141	4.349151	20.804507	45.276447	0.000000	
-2.997124	18.278627	440.408109	20.949665	-9.170391	4.469598	20.830899	45.201349	0.000000	
-3.216034	18.192493	440.060603	20.973667	-9.361088	4.423822	21.303827	45.300955	0.000000	
-3.129537	18.239181	440.923581	21.081186	-9.239896	4.497390	20.977645	45.450373	0.000000	
-3.044319	17.850604	442.120262	21.281072	-9.239225	4.386130	20.909653	45.818674	0.000000	
-2.869546	17.760326	441.259359	21.304972	-9.273787	4.358860	21.011139	45.972538	0.000000	
-2.914303	17.765891	442.291021	21.501948	-9.256509	4.386388	20.927011	46.309013	0.000000	
-2.740046	17.853864	442.810109	21.521614	-9.170112	4.460053	20.688900	46.289459	0.000000	
-2.912921	17.984168	442.292566	21.479701	-9.274038	4.395655	20.966424	46.235837	0.000000	
-3.086387	18.464886	441.267936	21.500262	-9.448481	4.544409	21.429231	46.340714	0.000000	
-3.131423	18.202916	441.264682	21.501353	-9.482865	4.498197	21.512010	46.370856	0.000000	
-2.873426	17.730203	444.182695	21.719398	-9.308900	4.450667	20.950302	46.603095	0.000000	
-3.046517	17.814177	442.465094	21.720922	-9.274147	4.469864	20.972273	46.780488	0.000000	
-3.045775	18.211047	443.328076	21.763069	-9.413596	4.534535	21.245329	46.742403	0.000000	
-3.175042	18.384990	442.126241	21.874532	-9.396254	4.553695	21.278141	47.104706	0.000000	
-2.958696	18.036775	442.465949	22.030038	-9.378487	4.498227	21.198913	47.455864	0.000000	
-3.218315	18.608200	442.987156	22.027671	-9.431197	4.581343	21.319571	47.334778	0.000000	
-3.261207	18.696154	442.471122	22.139132	-9.483218	4.572565	21.466824	47.633273	0.000000	
-3.130802	18.480742	442.984250	22.404206	-9.291835	4.526151	20.996025	48.198330	0.000000	
-3.567952	18.350071	442.294820	22.361300	-9.361007	4.507963	21.231110	48.190763	0.000000	
-3.392145	18.524686	441.954303	22.514862	-9.222377	4.563624	20.915719	48.557522	0.000000	
-3.695721	18.916922	440.754793	22.471011	-9.361658	4.629092	21.321177	48.550466	0.000000	
-4.002912	18.876997	440.755879	22.580142	-9.413886	4.694029	21.471698	48.802114	0.000000	
-4.087410	19.228079	440.413420	22.735389	-9.396557	4.685149	21.458115	49.156230	0.000000	
-4.131878	19.185941	440.242529	22.866767	-9.327236	4.740774	21.313750	49.478317	0.000000	
-4.133463	18.835952	439.723578	22.956492	-9.292098	4.704045	21.259521	49.777930	0.000000	
-4.001504	18.703219	439.547561	22.981119	-9.239468	4.593070	21.134601	49.867974	0.000000	
-4.221421	18.354468	439.030207	23.091718	-9.082853	4.593151	20.826190	50.215753	0.000000	
-4.220601	18.485581	438.172375	23.246648	-9.082975	4.630776	20.867752	50.654769	0.000000	
-4.220691	18.532264	439.374751	23.245849	-9.100310	4.602533	20.849276	50.508189	0.000000	
-4.482855	18.620284	438.002896	23.399952	-9.117953	4.705092	20.983360	51.010399	0.000000	
-4.439131	18.490004	437.485515	23.621893	-9.013464	4.677709	20.765096	51.592281	0.000000	
-5.050036	18.800147	437.144917	23.664945	-9.170072	4.761378	21.204084	51.698667	0.000000	
-5.005241	19.019721	436.630746	23.841926	-9.222323	4.789700	21.344357	52.142273	0.000000	
-5.138767	18.544078	437.829776	24.017783	-8.996026	4.733511	20.782247	52.449880	0.000000	
-5.225357	18.720842	437.659693	24.149755	-8.996192	4.770770	20.799927	52.753393	0.000000	
-5.792968	18.679354	436.971287	24.194654	-9.013318	4.771114	20.932151	52.944343	0.000000	
-5.834763	18.943042	436.971645	24.283598	-9.065427	4.752847	21.055787	53.120072	0.000000	
-5.967811	18.773555	437.314453	24.547792	-9.065337	4.780775	21.052838	53.700038	0.000000	
-6.402609	18.951323	436.799011	24.703032	-9.013074	4.771870	21.004205	54.100620	0.000000	
-6.706959	19.390654	435.774191	24.877901	-9.065830	4.920631	21.207526	54.583806	0.000000	
-6.966751	19.744517	436.118425	25.010610	-9.135291	4.902292	21.377232	54.807313	0.000000	
-7.143182	19.572654	435.947087	25.186142	-9.065846	4.957954	21.245086	55.249822	0.000000	
-6.970121	19.272235	437.489906	25.450684	-8.909046	4.883391	20.792475	55.689657	0.000000	
-7.189366	19.273452	436.459650	25.583391	-9.030778	4.948937	21.144300	56.126115	0.000000	
-7.665734	19.888624	435.601962	25.739584	-9.239250	4.949886	21.715450	56.531098	0.000000	
-7.273444	19.760539	437.149376	25.935837	-8.926650	4.948997	20.881113	56.791794	0.000000	
-7.794091	20.374383	435.607562	26.090627	-9.066061	5.042610	21.331148	57.284912	0.000000	
-8.145152	20.425805	436.812037	26.242538	-9.135738	5.107108	21.467991	57.468045	0.000000	
-7.970094	20.161970	436.636977	26.332322	-8.892060	5.023683	20.900188	57.724705	0.000000	
-8.058727	20.078664	436.291063	26.620448	-9.048215	5.024463	21.284265	58.440021	0.000000	
-8.274049	20.689140	435.267813	26.574456	-9.066398	5.163641	21.399561	58.408266	0.000000	
-8.405481	20.648765	435.094870	26.795666	-9.083610	5.164035	21.461650	58.944353	0.000000	
-8.622778	20.781275	434.750954	26.862666	-9.135631	5.155110	21.621529	59.131426	0.000000	
-8.623350	20.872697	435.267553	27.038179	-9.187898	5.192206	21.715646	59.454266	0.000000	
-8.492249	20.783134	434.579473	27.083304	-9.135695	5.183243	21.616504	59.662446	0.000000	
-8.708117	21.132745	433.207719	27.238390	-9.135919	5.239568	21.709370	60.173668	0.000000	
-8.359833	20.876107	434.749668	27.592044	-8.996458	5.137431	21.273636	60.799260	0.000000	
-8.360096	20.874659	434.235723	27.569508	-8.979273	5.183838	21.259626	60.820015	0.000000	
-8.403151	21.053655	434.579958	27.789974	-9.014058	5.193307	21.327150	61.259828	0.000000	
-8.401776	21.227713	434.236651	27.790745	-9.066190	5.184312	21.464160	61.291949	0.000000	
-8.531472	21.402913	433.551229	27.901080	-9.014223	5.221683	21.392480	61.625463	0.000000	
-8.483833	22.146330	432.698702	28.076920	-9.084414	5.324217	21.592380	62.075087	0.000000	
-8.572687	21.884631	432.007953	28.189071	-9.170886	5.297036	21.837020	62.462556	0.000000	
-8.441174	22.017902	432.353805	28.364389	-9.066903	5.333975	21.564804	62.803535	0.000000	
-8.135454	21.753717	432.005520	28.477373	-8.979519	5.232420	21.347589	63.144215	0.000000	
-8.353436	21.840986	431.493199	28.476013	-8.875540	5.306453	21.155573	63.207271	0.000000	
-8.133893	21.928604	431.835203	28.543433	-8.892727	5.241715	21.154979	63.303637	0.000000	
-8.088664	22.144971	430.461732	28.633157	-8.979752	5.270352	21.420780	63.692378	0.000000	
-8.396431	22.065205	431.663801	28.808239	-9.066531	5.288661	21.594128	63.927843	0.000000	
-8.520925	22.978895	429.436098	28.832024	-9.188685	5.354689	22.005525	64.219303	0.000000	
-8.391542	22.894362	430.124134	28.962969	-9.171458	5.391530	21.915942	64.429325	0.000000	
-8.561050	23.683881	430.817663	29.005192	-9.067798	5.428176	21.657666	64.338533	0.000000	
-7.994683	23.289196	430.983367	29.162433	-9.049819	5.308076	21.547023	64.720612	0.000000	
-8.296761	23.905925	431.331620	29.337620	-9.015467	5.354387	21.481972	65.008333	0.000000	
-8.251068	24.211366	431.334183	29.315087	-8.998360	5.372858	21.437307	64.923113	0.000000	
-8.160903	24.472392	431.333682	29.294439	-8.998249	5.308130	21.427453	64.847466	0.000000	
-8.551017	24.823787	430.819190	29.361498	-9.015590	5.299235	21.535333	65.043568	0.000000	
-8.593046	25.130316	430.823854	29.403724	-8.894419	5.373109	21.258334	65.108126	0.000000	
-8.852941	25.700563	430.314022	29.468594	-9.051421	5.484680	21.676532	65.275566	0.000000	
-8.853468	25.478433	429.624407	29.337634	-9.051160	5.447791	21.711265	65.100049	0.000000	
-8.811588	25.132233	431.168787	29.402383	-8.807662	5.400543	21.063198	65.052360	0.000000	
-9.159154	25.480349	429.797483	29.336424	-8.947001	5.475268	21.492791	65.070630	0.000000	
-9.292908	25.045338	429.965318	29.403272	-8.946560	5.438239	21.497574	65.247089	0.000000	
-9.248703	24.779859	430.477532	29.183445	-8.720247	5.326358	20.941180	64.686635	0.000000	
-9.118172	24.823083	430.308596	29.226127	-8.668502	5.400405	20.815309	64.806776	0.000000	
-9.683875	25.171788	428.592415	29.161118	-8.877092	5.456880	21.447312	64.878981	0.000000	
-9.770629	25.038404	427.904005	29.139982	-8.720549	5.429145	21.125801	64.949045	0.000000	
-9.902660	24.821874	429.105092	29.050745	-8.598730	5.382029	20.796087	64.581234	0.000000	
-9.681088	25.167216	428.249574	29.028761	-8.460122	5.409953	20.490767	64.622713	0.000000	
-9.897390	25.294676	426.703556	28.964220	-8.442701	5.410516	20.548615	64.693506	0.000000	
-10.069333	25.554607	426.361269	28.810078	-8.390647	5.391891	20.461828	64.356221	0.000000	
-10.460019	26.033079	424.822411	28.719949	-8.374047	5.549649	20.540304	64.327005	0.000000	
-10.765040	26.030793	423.275884	28.699271	-8.391329	5.568802	20.690462	64.515102	0.000000	
-10.893535	26.247927	422.761690	28.677665	-8.287145	5.559600	20.483549	64.519381	0.000000	
-10.983039	25.900892	423.791915	28.697835	-8.061220	5.558773	19.909630	64.446709	0.000000	
-11.243860	25.939881	422.761942	28.433506	-8.026518	5.568040	19.905190	63.975347	0.000000	
-11.459396	26.067526	421.216205	28.435021	-7.852731	5.559200	19.590321	64.201443	0.000000	
-11.412951	26.237044	420.358864	28.281090	-7.679139	5.549866	19.212852	63.948569	0.000000	
-11.368273	26.142307	418.638888	28.085147	-7.696294	5.513387	19.329105	63.755547	0.000000	
-11.455524	25.826324	415.890017	27.865994	-7.470437	5.550894	18.925464	63.687987	0.000000	
-11.320442	26.386854	413.488912	27.757445	-7.609893	5.616827	19.359365	63.735563	0.000000	
-11.275852	26.245183	411.084354	27.472073	-7.471002	5.645009	19.131529	63.432714	0.000000	
-11.491865	26.282360	409.365819	27.253451	-7.383997	5.617574	19.024875	63.162696	0.000000	
-10.838370	25.573407	408.156690	27.146540	-7.140144	5.497336	18.410996	63.169171	0.000000	
-10.795707	25.215010	406.093452	26.905598	-7.087894	5.507048	18.372587	62.939739	0.000000	
-10.532055	25.028432	403.514149	26.688169	-6.931360	5.470652	18.073976	62.827421	0.000000	
-10.622037	24.406294	401.106249	26.336845	-6.861634	5.489547	18.020796	62.402828	0.000000	
-10.624515	23.746072	399.556111	26.360514	-6.617986	5.471317	17.482382	62.781991	0.000000	
-10.493823	23.515045	396.977381	25.922078	-6.756871	5.472058	17.932630	62.115138	0.000000	
-10.626800	23.028223	395.256592	25.747112	-6.687090	5.472407	17.850966	62.001575	0.000000	
-10.541242	22.495069	393.535138	25.484374	-6.599896	5.444877	17.698813	61.669509	0.000000	
-10.370910	21.657515	391.813116	25.375345	-6.443203	5.454416	17.358013	61.762674	0.000000	
-10.414875	21.256865	390.434142	25.113417	-6.373184	5.371281	17.246243	61.358792	0.000000	
-10.374125	20.815227	388.713902	25.070691	-6.442519	5.409040	17.497460	61.574731	0.000000	
-10.333830	19.938900	389.049559	24.962112	-6.198404	5.269556	16.849868	61.345797	0.000000	
-9.808809	19.930299	388.192123	24.741776	-6.077065	5.278728	16.512938	60.915729	0.000000	
-9.984194	19.749154	386.128542	24.523511	-6.250602	5.288828	17.073150	60.700052	0.000000	
-9.852208	19.746197	385.268848	24.546950	-6.198403	5.270673	16.960674	60.897708	0.000000	
-9.242677	19.130080	385.949188	24.460844	-6.023984	5.112753	16.405630	60.639926	0.000000	
-9.720776	19.432504	384.405347	24.240793	-6.128405	5.159529	16.801626	60.276649	0.000000	
-9.196603	19.469491	383.032792	24.197312	-6.163494	5.215662	16.891549	60.376318	0.000000	
-9.152385	19.293598	383.200003	24.155447	-6.128187	5.095241	16.786597	60.261648	0.000000	
-8.806045	18.722281	382.853340	24.178019	-5.971585	5.076651	16.351398	60.444266	0.000000	
-8.979332	19.160473	383.029534	24.088194	-6.128426	5.150709	16.774034	60.129087	0.000000	
-9.151578	19.422617	383.202292	24.000047	-6.093701	5.122727	16.696405	59.840260	0.000000	
-9.023512	18.723961	383.883109	24.067323	-5.867140	5.011128	16.060716	59.992337	0.000000	
-8.891551	18.896638	383.197293	24.067792	-5.936818	5.039313	16.255989	60.081010	0.000000	
-9.283446	18.989018	384.399151	24.089279	-5.849733	4.983167	16.024586	59.936567	0.000000	
-9.241854	18.724253	384.399657	23.911532	-5.797738	5.019807	15.884321	59.505787	0.000000	
-9.544164	19.164934	384.916158	23.977929	-5.797719	4.982701	15.898697	59.545131	0.000000	
-9.718502	19.516998	384.749361	24.042104	-5.919904	5.103297	16.244146	59.695825	0.000000	
-9.629626	19.820701	384.580100	23.909440	-6.024450	5.131135	16.512637	59.340996	0.000000	
-9.976515	20.128640	385.440690	23.776157	-5.972386	5.102751	16.381433	58.824918	0.000000	
-9.847997	19.650261	386.295645	23.908715	-5.815590	5.037536	15.923294	59.093861	0.000000	
-9.977267	19.957889	386.813700	23.885502	-5.798461	5.055764	15.872660	58.917492	0.000000	
-10.151302	20.135648	388.018850	23.817092	-5.729207	5.073528	15.664576	58.535690	0.000000	
-10.457352	20.049899	388.190392	23.794487	-5.659625	5.073279	15.514557	58.461555	0.000000	
-10.720241	19.919940	388.531839	23.684544	-5.746216	5.036089	15.754663	58.142200	0.000000	
-11.072861	19.526763	388.361098	23.571966	-5.624738	5.118978	15.490718	57.924678	0.000000	
-11.246817	19.744237	388.879156	23.283637	-5.711894	5.146241	15.714383	57.079730	0.000000	
-11.292168	19.656964	389.912118	23.060316	-5.694812	5.191675	15.633488	56.364855	0.000000	
-11.246475	19.739833	388.536551	23.018608	-5.694650	5.155247	15.684086	56.448864	0.000000	
-11.112618	20.040700	387.508350	22.908855	-5.642812	5.174005	15.576840	56.280895	0.000000	
-10.888753	20.468902	385.793233	22.756081	-5.417219	5.155763	15.035986	56.086052	0.000000	
-10.581218	20.373226	384.588157	22.560262	-5.312656	5.072646	14.775368	55.765510	0.000000	
-10.533703	20.804499	383.390161	22.405688	-5.191522	5.119057	14.500831	55.486243	0.000000	
-10.311389	20.835741	380.640565	22.188616	-4.948166	5.064124	13.941567	55.316295	0.000000	
-9.913406	21.343552	376.694742	21.837974	-4.966236	5.157973	14.090142	54.907633	0.000000	
-9.690591	21.504881	374.118118	21.488095	-4.792515	5.112151	13.697524	54.333883	0.000000	
-9.380700	21.710893	371.369414	21.249045	-4.723031	5.075982	13.575653	54.070191	0.000000	
-9.202466	21.784399	368.450564	20.919952	-4.445305	5.094897	12.909584	53.599793	0.000000	
-8.849387	21.677512	364.154044	20.505842	-4.254050	5.049702	12.495666	53.113916	0.000000	
-8.935665	21.404241	361.919258	20.132835	-4.045389	5.022069	12.009137	52.448824	0.000000	
-8.545138	20.559909	359.335894	19.805674	-3.888434	4.948475	11.610856	52.026864	0.000000	
-8.982156	20.110437	355.553548	19.411912	-3.818599	4.958661	11.597770	51.535906	0.000000	
-9.204024	19.137794	352.971130	19.039114	-3.557418	4.931017	10.973832	50.986954	0.000000	
-9.207155	18.342678	351.590978	18.710338	-3.435213	4.866166	10.670939	50.357869	0.000000	
-8.902931	17.452439	348.663170	18.295699	-3.156499	4.755410	9.923566	49.712864	0.000000	
-9.295977	17.310277	344.885379	17.966278	-3.174084	4.867579	10.139046	49.326225	0.000000	
-8.507670	16.897210	341.447236	17.639318	-2.722229	4.803221	8.814596	48.925619	0.000000	
-8.765789	16.975283	338.354243	17.488350	-2.530933	4.776323	8.367699	48.920238	0.000000	
-8.717432	17.397866	334.235782	17.203652	-2.462030	4.879413	8.261751	48.618691	0.000000	
-8.188632	17.600353	331.317490	16.875330	-2.201719	4.870654	7.478065	48.031871	0.000000	
-8.357718	17.980380	327.538188	16.527027	-2.253779	4.844209	7.750571	47.474566	0.000000	
-7.832472	17.753196	326.851108	16.372946	-1.836877	4.806670	6.418032	47.135903	0.000000	
-7.525601	17.789961	324.617592	16.397544	-1.871670	4.826269	6.527960	47.533928	0.000000	
-7.435147	17.957872	323.070867	16.245666	-1.836825	4.780474	6.439932	47.269660	0.000000	
-7.171997	18.041206	322.557266	16.179375	-1.732769	4.798970	6.090526	47.128248	0.000000	
-7.606462	18.352329	323.588267	16.201156	-1.750016	4.752332	6.185245	46.999692	0.000000	
-8.042950	18.619229	324.107509	16.220825	-1.802508	4.835434	6.398788	46.946449	0.000000	
-8.087918	18.758186	326.341417	16.307051	-1.993741	4.834878	6.945232	46.866580	0.000000	
-8.396971	18.552051	329.604441	16.480195	-1.993572	4.815134	6.916100	46.952174	0.000000	
-8.444298	18.301634	332.866441	16.720223	-2.028083	4.777057	6.955560	47.243294	0.000000	
-8.704392	18.839513	335.617877	17.093066	-2.080307	4.757977	7.087313	47.889394	0.000000	
-8.704622	19.287479	338.543683	17.309161	-2.167765	4.831147	7.281795	48.048975	0.000000	
-9.048997	20.168248	339.237177	17.528020	-2.168312	4.886692	7.314621	48.475468	0.000000	
-9.000507	21.004326	340.959908	17.658871	-2.203493	4.877008	7.372759	48.499145	0.000000	
-9.166234	22.361811	340.796166	17.813142	-2.273704	4.914520	7.604850	48.792015	0.000000	
-9.549697	23.980664	340.293180	17.811243	-2.413897	5.044564	8.080382	48.640280	0.000000	
-9.367367	24.984237	339.784790	17.921442	-2.275585	5.072582	7.661173	48.902123	0.000000	
-9.314124	26.161958	338.760675	18.032884	-2.154544	5.073122	7.320715	49.220306	0.000000	
-9.349707	27.430836	339.285036	18.031314	-2.172785	5.119282	7.367520	48.966776	0.000000	
-9.515597	28.520343	337.745141	18.054705	-2.121188	5.138507	7.272337	49.112905	0.000000	
-9.116455	29.036231	336.717308	17.879664	-1.895616	5.092210	6.570995	48.673857	0.000000	
-9.154698	29.598368	335.346005	17.704587	-1.843750	5.083300	6.449696	48.275535	0.000000	
-9.324562	30.076439	334.835262	17.615572	-1.566114	5.101496	5.654174	48.018311	0.000000	
-9.626308	30.506059	332.949334	17.284970	-1.531782	5.157326	5.626527	47.240552	0.000000	
-9.756850	30.146662	330.024789	17.090327	-1.444444	5.111927	5.432651	47.123569	0.000000	
-9.494242	29.654844	328.818132	16.739703	-1.096524	5.000427	4.358855	46.300697	0.000000	
-9.667223	29.731433	325.900159	16.387927	-1.079447	5.075180	4.372643	45.629134	0.000000	
-9.447637	29.371595	325.036579	15.993630	-0.853065	4.935927	3.657494	44.589447	0.000000	
-9.185749	28.964247	322.113531	15.643758	-0.748630	4.918056	3.331813	43.970254	0.000000	
-9.010152	28.735213	320.564874	15.271090	-0.661511	4.853346	3.052403	43.055232	0.000000	
-9.445089	28.773978	318.160438	15.184411	-0.574636	4.891113	2.867638	43.106024	0.000000	
-9.406646	27.627371	317.637463	14.590066	-0.400151	4.788411	2.317969	41.472747	0.000000	
-9.407710	27.142352	317.632864	14.348691	-0.225886	4.686032	1.769526	40.783714	0.000000	
-9.585722	26.258683	315.048472	14.065712	-0.172969	4.621834	1.644582	40.352905	0.000000	
-9.548318	25.339634	316.417483	13.733661	-0.137734	4.565139	1.519351	39.260609	0.000000	
-9.289821	24.674964	315.728191	13.314323	-0.016025	4.564626	1.100167	38.116052	0.000000	
-9.726655	24.455376	315.209257	13.161524	-0.015536	4.499854	1.164711	37.726863	0.000000	
-10.032817	24.410873	315.381468	12.918019	-0.050302	4.508717	1.318821	36.940412	0.000000	
-10.165207	24.279869	316.242295	12.716931	0.053720	4.544862	1.004739	36.221813	0.000000	
-10.032651	24.366104	316.927628	12.585619	0.036583	4.451948	1.036730	35.715645	0.000000	
-9.552640	24.233657	318.300059	12.475279	0.088856	4.367902	0.797313	35.232174	0.000000	
-9.548252	24.715519	319.159776	12.453824	0.141012	4.284232	0.630295	34.999326	0.000000	
-9.153614	24.976772	320.362829	12.321363	0.054053	4.228227	0.841527	34.415173	0.000000	
-8.669611	25.630194	321.571538	12.142671	0.053320	4.255295	0.770225	33.634893	0.000000	
-8.665667	26.289699	322.606179	12.251985	0.035598	4.255085	0.821146	33.770313	0.000000	
-8.483375	27.555110	322.786535	12.096700	-0.156413	4.301476	1.389379	33.089680	0.000000	
-8.698920	27.949785	323.475841	11.985714	-0.156554	4.282547	1.416874	32.618937	0.000000	
-8.474629	28.826146	324.682688	12.051506	-0.174317	4.245249	1.433391	32.574399	0.000000	
-8.517793	28.961657	326.573052	12.027817	-0.139592	4.207346	1.323079	32.291559	0.000000	
-8.602248	29.443086	326.919662	11.961081	-0.209367	4.216502	1.546676	31.984927	0.000000	
-8.774359	29.842331	328.983056	11.981451	-0.139959	4.169298	1.348164	31.787512	0.000000	
-8.647037	29.500418	332.071976	12.023754	-0.209115	4.094094	1.523396	31.662352	0.000000	
-8.948984	30.027767	333.449968	11.889564	-0.122512	4.074699	1.297800	31.054401	0.000000	
-9.034035	30.687738	334.314861	11.953434	-0.279510	4.157942	1.774976	31.073068	0.000000	
-9.117725	31.215479	335.864398	11.908007	-0.227599	4.120170	1.622289	30.720028	0.000000	
-9.243357	31.916198	336.897671	11.797703	-0.245109	4.054917	1.685516	30.201266	0.000000	
-8.976286	32.700320	336.733073	11.752249	-0.193781	4.119681	1.497556	29.974094	0.000000	
-9.056282	33.749286	336.740635	11.751239	-0.124994	4.156659	1.304176	29.827041	0.000000	
-8.918733	34.663437	336.574798	11.574612	-0.160340	4.165897	1.391175	29.192179	0.000000	
-8.695660	35.101205	337.263370	11.707382	0.082838	4.091473	0.636238	29.465576	0.000000	
-8.950466	36.151551	337.957435	11.595742	0.099616	4.100321	0.619363	28.930745	0.000000	
-9.335443	37.458916	335.906704	11.462757	-0.057831	4.249359	1.146474	28.535130	0.000000	
-9.333166	37.503382	336.592952	11.507154	0.220354	4.165454	0.316732	28.601841	0.000000	
-9.939233	38.252512	337.972552	11.504867	0.376369	4.164624	-0.064891	28.374440	0.000000	
-10.674735	39.345903	337.465555	11.304812	0.288773	4.247994	0.295348	27.675819	0.000000	
-10.980184	39.388921	337.296908	11.170514	0.427450	4.312378	-0.073813	27.285856	0.000000	
-11.241326	39.480241	338.500022	11.169236	0.549100	4.283899	-0.398509	27.171059	0.000000	
-11.803421	40.135275	337.988134	11.015054	0.601033	4.274606	-0.475762	26.667527	0.000000	
-12.497242	41.099995	338.342330	10.856454	0.617382	4.422212	-0.429521	26.039144	0.000000	
-12.712503	41.494274	338.516301	10.812021	0.651987	4.412795	-0.502418	25.840664	0.000000	
-12.887728	41.188434	338.855788	10.746970	0.756754	4.319869	-0.787597	25.663885	0.000000	
-13.191472	41.674119	341.095571	10.565871	0.860360	4.373978	-1.047188	24.895894	0.000000	
-13.537268	42.027720	341.782722	10.654607	0.982163	4.299632	-1.355506	25.056932	0.000000	
-13.886807	42.163526	343.673692	10.475813	0.912597	4.289399	-1.100496	24.378118	0.000000	
-14.368935	41.992738	345.219535	10.275040	0.930071	4.279109	-1.083273	23.708098	0.000000	
-14.892329	41.999307	346.763533	10.296723	0.999973	4.195077	-1.211922	23.662158	0.000000	
-15.153361	42.397240	347.969787	10.250328	0.877994	4.240931	-0.823705	23.392582	0.000000	
-15.463013	41.965192	350.201863	10.070772	0.930258	4.230299	-0.928942	22.784630	0.000000	
-15.813301	41.975594	353.807389	10.024515	0.861117	4.127001	-0.681595	22.415688	0.000000	
-15.902816	41.673934	355.865554	9.935406	0.861514	4.042701	-0.668955	22.072014	0.000000	
-16.033216	41.987176	358.443501	9.911355	0.722470	4.004780	-0.261680	21.802665	0.000000	
-15.947489	41.642568	361.358841	9.844731	0.809955	3.846023	-0.515048	21.482598	0.000000	
-15.992868	41.560764	364.278529	9.687843	0.757933	3.789101	-0.364821	20.886404	0.000000	
-16.079154	41.828472	366.855933	9.575816	0.688452	3.723205	-0.164178	20.397497	0.000000	
-16.557254	42.272413	369.091298	9.463429	0.636258	3.685162	0.036000	19.911336	0.000000	
-16.645359	42.324104	372.183046	9.439372	0.566936	3.609890	0.230323	19.671105	0.000000	
-16.736323	42.025412	376.305226	9.170312	0.584398	3.552146	0.189183	18.772140	0.000000	
-16.959432	41.377420	379.389050	9.060071	0.429010	3.384336	0.621807	18.403871	0.000000	
-17.180943	41.122472	382.308167	8.946868	0.394432	3.345911	0.731843	17.994445	0.000000	
-17.492164	40.258616	386.593685	8.835303	0.465044	3.140191	0.574752	17.604162	0.000000	
-17.711466	40.353330	389.858589	8.655492	0.395508	3.101612	0.771639	16.980504	0.000000	
-17.759809	39.924503	393.636554	8.541101	0.430390	3.062692	0.678345	16.572682	0.000000	
-18.151420	40.106826	396.726688	8.385673	0.396051	2.922440	0.802674	16.027105	0.000000	
-18.676091	40.242688	399.305394	7.985144	0.274312	2.911666	1.160873	14.901928	0.000000	
-18.764225	40.293230	401.881506	7.961358	0.187571	2.855145	1.377408	14.738498	0.000000	
-18.895756	40.163256	403.941115	7.629297	0.205204	2.761249	1.340165	13.853775	0.000000	
-18.985348	40.036916	407.033048	7.339736	0.101057	2.704143	1.593669	13.047957	0.000000	
-19.030547	39.739264	410.635632	7.338691	0.205952	2.535864	1.326634	12.960289	0.000000	
-19.159892	39.961801	413.212598	7.138562	0.240793	2.441930	1.246550	12.367500	0.000000	
-19.204423	40.009748	415.962448	6.914880	0.223300	2.412693	1.283276	11.739669	0.000000	
-19.511591	39.751370	417.333107	6.826584	0.206409	2.328713	1.352409	11.516534	0.000000	
-19.902867	39.972068	419.910450	6.361277	0.206490	2.234449	1.384931	10.310739	0.000000	
-19.686627	39.709076	421.799167	6.050550	0.223907	2.186911	1.312476	9.554550	0.000000	
-20.253841	39.976236	423.348264	5.849198	0.154186	2.213785	1.532914	9.013252	0.000000	
-20.037075	39.360258	424.201329	5.585563	0.398067	2.064652	0.930781	8.439554	0.000000	
-20.083270	39.101344	426.774496	5.297848	0.224738	1.961638	1.334450	7.739674	0.000000	
-20.650893	39.187792	427.635737	4.788084	0.172434	1.979097	1.514551	6.521809	0.000000	
-20.740563	38.837447	428.664100	4.500566	0.155307	1.931993	1.559767	5.871953	0.000000	
-20.918459	38.137468	430.204206	4.147466	0.294995	1.801053	1.247423	5.103407	0.000000	
-21.274523	37.221253	432.087574	3.727019	0.208794	1.725675	1.478082	4.203702	0.000000	
-21.542549	36.214032	433.456187	3.240279	0.348384	1.650074	1.178874	3.173007	0.000000	
-22.206688	34.731193	435.162123	2.887501	0.384488	1.500611	1.160332	2.504925	0.000000	
-22.303528	33.466486	438.076670	2.508926	0.489267	1.452261	0.921581	1.753915	0.000000	
-23.189015	31.503595	440.810913	1.956686	0.612585	1.255627	0.726674	0.692361	0.000000	
-23.936054	30.892242	441.665538	1.448341	0.439368	1.217711	1.194716	-0.397129	0.000000	
-24.077474	29.630235	445.438103	1.047463	0.387883	1.150699	1.312211	-1.167204	0.000000	
-24.174814	28.056255	447.144320	0.650510	0.406446	1.010486	1.274546	-1.890234	0.000000	
-24.312710	27.319110	451.091618	0.249536	0.319946	0.943506	1.466552	-2.691381	0.000000	
-24.231377	26.579311	454.864601	-0.215642	0.164221	0.802660	1.785983	-3.620667	0.000000	
-24.152997	25.536686	459.323680	-0.593666	0.008571	0.680065	2.096699	-4.308485	0.000000	
-23.630444	25.326553	464.471944	-0.639140	0.026562	0.455776	1.979566	-4.342880	0.000000	
-23.681485	24.726575	470.309256	-0.931173	-0.164212	0.369801	2.361846	-4.856877	0.000000	
-23.989025	24.783150	476.321745	-1.244971	-0.285643	0.246666	2.612835	-5.465601	0.000000	
-24.119984	25.359654	480.793821	-1.625616	-0.598971	0.263204	3.249923	-6.265904	0.000000	
-24.295683	25.503608	486.978081	-1.895324	-0.668337	0.130743	3.363827	-6.759584	0.000000	
-24.425699	26.174378	494.026585	-2.167266	-0.807783	0.062799	3.605861	-7.282615	0.000000	
-24.952222	26.455252	501.071195	-2.416495	-1.137896	-0.014130	4.258058	-7.709848	0.000000	
-25.389335	26.953320	508.291593	-2.689551	-1.207826	-0.054560	4.370400	-8.189125	0.000000	
-25.215610	27.275126	516.197110	-2.895551	-1.225433	-0.169235	4.317419	-8.498475	0.000000	
-25.563741	28.126608	524.792645	-3.124880	-1.417035	-0.246968	4.637344	-8.878435	0.000000	
-25.649888	28.973471	531.842234	-3.330716	-1.695612	-0.286838	5.103087	-9.227121	0.000000	
-26.126306	29.949631	538.547877	-3.712235	-1.835073	-0.382520	5.335424	-9.909769	0.000000	
-26.126651	30.664779	545.598459	-3.941207	-2.096450	-0.376218	5.741632	-10.267616	0.000000	
-26.564937	31.122625	553.506378	-4.104654	-2.218493	-0.407475	5.912182	-10.460819	0.000000	
-27.127570	32.537437	560.560818	-4.532483	-2.480106	-0.410668	6.346836	-11.214307	0.000000	
-27.345405	33.430273	568.301095	-4.763208	-2.654835	-0.377066	6.581342	-11.546093	0.000000	
-27.257084	33.743075	573.110769	-5.118910	-2.811078	-0.527358	6.789082	-12.098803	0.000000	
-27.390290	34.111042	582.393665	-5.570811	-2.863763	-0.587458	6.777000	-12.718262	0.000000	
-28.131223	34.949973	586.182981	-6.085582	-3.125366	-0.478429	7.235678	-13.583046	0.000000	
-27.875079	34.351066	593.392198	-6.332799	-3.159466	-0.685391	7.181666	-13.793741	0.000000	
-28.401537	34.620909	597.522732	-6.870326	-3.316664	-0.576751	7.433548	-14.621928	0.000000	
-28.061509	33.579852	603.357144	-7.249978	-3.385592	-0.709290	7.447022	-15.034775	0.000000	
-28.107712	33.494913	606.621511	-7.760953	-3.576782	-0.748137	7.723985	-15.792214	0.000000	
-28.113841	32.889066	611.599836	-8.272720	-3.698059	-0.852637	7.857389	-16.458566	0.000000	
-27.771020	32.366631	615.551363	-8.785554	-3.819908	-0.845677	7.977309	-17.149913	0.000000	
-28.252812	32.411978	616.755839	-9.184919	-4.045899	-0.818693	8.363506	-17.768221	0.000000	
-28.039012	31.974810	619.848860	-9.696995	-4.011367	-0.820848	8.248667	-18.475510	0.000000	
-27.480127	31.011685	621.907682	-10.031188	-4.098226	-0.794393	8.318656	-18.881952	0.000000	
-26.915328	30.787439	624.141342	-10.695602	-4.272200	-0.823742	8.524887	-19.864003	0.000000	
-26.883185	29.341389	624.995055	-11.205767	-4.341374	-0.778620	8.621139	-20.547277	0.000000	
-26.455784	27.854144	628.076123	-11.647601	-4.253433	-0.965801	8.406015	-21.043212	0.000000	
-26.601965	25.929194	629.270259	-12.180117	-4.357028	-0.930117	8.564804	-21.709600	0.000000	
-26.440578	24.177886	631.494927	-12.822689	-4.425846	-0.969034	8.630772	-22.524631	0.000000	
-26.668299	22.904561	632.006737	-13.487560	-4.373509	-0.924168	8.557308	-23.466033	0.000000	
-26.636241	21.416052	633.544855	-14.040841	-4.546594	-0.953230	8.806665	-24.175348	0.000000	
-26.738342	19.580034	635.769093	-14.639609	-4.719595	-0.964208	9.054293	-24.901258	0.000000	
-26.487752	18.043289	637.308185	-15.414065	-4.805972	-0.993700	9.149128	-25.946444	0.000000	
-26.019573	16.555303	639.019044	-15.769226	-4.944503	-0.994842	9.306884	-26.326821	0.000000	
-25.853234	15.594572	642.451221	-16.324887	-4.996396	-1.034118	9.324391	-26.984699	0.000000	
-25.252990	14.105619	645.019937	-16.790292	-5.030533	-1.109927	9.296139	-27.494349	0.000000	
-24.871338	12.792338	648.450076	-17.522292	-5.221308	-1.149245	9.512466	-28.386963	0.000000	
-24.659442	12.093861	651.368139	-17.966663	-5.325379	-1.188028	9.613285	-28.894698	0.000000	
-24.143401	11.349918	654.630817	-18.522615	-5.516664	-1.180722	9.819776	-29.549922	0.000000	
-23.802995	10.215602	658.747065	-19.011188	-5.550841	-1.294250	9.784609	-30.030552	0.000000	
-23.631848	10.255886	661.501756	-19.855629	-5.847063	-1.194393	10.178489	-31.186755	0.000000	
-23.419949	9.869389	667.515212	-20.458440	-6.021029	-1.225372	10.330055	-31.786338	0.000000	
-22.991451	9.309609	673.353997	-20.861230	-6.351101	-1.274277	10.698740	-32.074600	0.000000	
-22.297886	8.699720	679.191405	-21.483564	-6.333495	-1.434960	10.531249	-32.677818	0.000000	
-22.303571	8.801115	686.584289	-21.978724	-6.681670	-1.392111	10.922062	-33.058869	0.000000	
-21.958977	8.718091	692.601609	-22.715144	-6.838717	-1.377023	11.028374	-33.833375	0.000000	
-21.789463	8.729291	699.820318	-23.275275	-7.134571	-1.389751	11.323080	-34.290226	0.000000	
-21.531853	8.783739	708.069851	-23.990509	-7.360922	-1.449485	11.490535	-34.909703	0.000000	
-21.533194	9.363304	715.122580	-24.552237	-7.535725	-1.397554	11.618731	-35.392723	0.000000	
-21.488908	10.243740	720.973732	-25.310941	-7.936517	-1.335726	12.075040	-36.217736	0.000000	
-20.968707	10.567631	731.286096	-25.762703	-8.215071	-1.423620	12.248633	-36.351600	0.000000	
-20.573111	11.579323	737.655123	-26.346111	-8.268658	-1.362286	12.188208	-36.895701	0.000000	
-20.527275	12.765938	743.337968	-27.061665	-8.652456	-1.244804	12.606177	-37.653221	0.000000	
-20.221392	13.692526	750.220994	-27.711337	-9.018721	-1.174063	12.957168	-38.234779	0.000000	
-20.221103	14.360153	756.584235	-28.072071	-9.210581	-1.177001	13.099198	-38.434457	0.000000	
-19.480231	15.021418	763.981790	-28.854275	-9.559374	-1.134433	13.381322	-39.130416	0.000000	
-19.435700	15.773009	770.005966	-29.371639	-9.560661	-1.054497	13.273257	-39.544675	0.000000	
-18.303391	16.043299	777.395791	-29.775305	-9.943430	-1.131579	13.569522	-39.708371	0.000000	
-18.127782	16.703150	782.557467	-30.422294	-10.135465	-1.115872	13.713074	-40.315043	0.000000	
-17.516321	17.452081	789.268594	-31.050007	-10.275848	-1.054622	13.736089	-40.815116	0.000000	
-17.253698	18.373925	793.232951	-31.543532	-10.624860	-0.889931	14.090666	-41.289075	0.000000	
-16.860799	19.036580	799.254717	-32.059433	-10.817075	-0.846663	14.200075	-41.665074	0.000000	
-16.202718	20.086743	804.076104	-32.684286	-11.079052	-0.793596	14.401244	-42.255202	0.000000	
-15.893987	21.274973	808.898421	-32.956617	-11.358428	-0.693791	14.641385	-42.410297	0.000000	
-15.454777	22.287483	814.578176	-33.361582	-11.550775	-0.650179	14.748486	-42.672128	0.000000	
-14.622601	22.986590	818.365627	-33.741878	-11.586543	-0.633689	14.675723	-42.980774	0.000000	
-14.269957	24.216638	823.532548	-34.213506	-11.866050	-0.534303	14.901425	-43.355410	0.000000	
-13.258682	25.658219	827.498985	-34.595354	-11.902544	-0.453069	14.816394	-43.691415	0.000000	
-12.994405	26.804582	832.494126	-34.780469	-12.129921	-0.316320	14.984180	-43.717739	0.000000	
-12.421344	28.207253	837.488902	-35.250922	-12.392004	-0.263087	15.174443	-44.098560	0.000000	
-11.977506	29.827868	841.110620	-35.565789	-12.654243	-0.172031	15.395281	-44.373672	0.000000	
-11.796000	31.445872	843.875320	-36.057863	-12.934020	-0.016099	15.665484	-44.901151	0.000000	
-11.136965	32.761978	848.698916	-36.418478	-13.213598	0.083624	15.868397	-45.144828	0.000000	
-10.565534	33.817381	853.862030	-36.711567	-13.371041	0.090588	15.924189	-45.274751	0.000000	
-9.731042	34.915755	858.510512	-36.783650	-13.354842	0.107082	15.772710	-45.174929	0.000000	
-8.895502	36.315405	861.957347	-37.096880	-13.721016	0.152152	16.088621	-45.434240	0.000000	
-8.451383	37.849983	866.608062	-37.455575	-13.913401	0.159346	16.199056	-45.688274	0.000000	
-7.701742	39.560877	872.120516	-37.750125	-14.106227	0.221775	16.276278	-45.830409	0.000000	
-7.346903	40.748208	876.422106	-37.908131	-14.367536	0.173980	16.474416	-45.850348	0.000000	
-6.902589	42.276976	879.010628	-38.375238	-14.698944	0.219146	16.778764	-46.328121	0.000000	
-6.593991	43.246860	883.486319	-38.513693	-14.856329	0.263587	16.854284	-46.302982	0.000000	
-6.282732	44.345184	888.473896	-38.914527	-15.082737	0.159601	16.996663	-46.553664	0.000000	
-5.671578	44.571130	893.285098	-38.984331	-15.117649	0.065029	16.911073	-46.395175	0.000000	
-5.713145	45.190588	897.067946	-39.186248	-15.309072	0.017203	17.053995	-46.458326	0.000000	
-5.534681	46.243425	900.686723	-39.567424	-15.483998	0.089458	17.169345	-46.750509	0.000000	
-5.228779	46.378422	904.295145	-39.790967	-15.449343	0.004310	17.045726	-46.819856	0.000000	
-5.709066	46.775217	906.017723	-40.169558	-15.710429	0.068175	17.325305	-47.169728	0.000000	
-5.928404	46.735857	908.250065	-40.369818	-15.779769	0.011515	17.369432	-47.273411	0.000000	
-5.931737	46.304543	911.855030	-40.571418	-15.657850	-0.083069	17.166022	-47.287643	0.000000	
-6.241647	45.826562	913.055868	-40.749933	-15.675053	-0.074644	17.177508	-47.397473	0.000000	
-7.201681	45.958981	912.886332	-41.060383	-15.692521	-0.028792	17.248291	-47.752941	0.000000	
-7.995127	44.958615	914.083540	-41.283006	-15.657151	-0.039096	17.226557	-47.884176	0.000000	
-8.653316	44.213489	913.563431	-41.569484	-15.448057	-0.085957	17.040820	-48.187220	0.000000	
-9.536938	42.907341	913.900671	-41.703720	-15.482130	-0.040202	17.116202	-48.250712	0.000000	
-10.241909	41.770868	912.861547	-41.790405	-15.376915	-0.086438	17.056318	-48.342775	0.000000	
-10.860034	40.415214	912.679048	-42.009382	-15.167189	-0.207396	16.861169	-48.523915	0.000000	
-11.348368	38.885230	911.808210	-42.006948	-14.940001	-0.309285	16.653051	-48.489925	0.000000	
-11.794417	37.177303	910.077843	-42.092271	-14.782309	-0.383078	16.534578	-48.588631	0.000000	
-12.238530	35.776424	909.036087	-42.222115	-14.659483	-0.475645	16.441245	-48.715700	0.000000	
-12.988154	34.242708	906.791509	-42.351403	-14.397582	-0.549441	16.231922	-48.899886	0.000000	
-13.520506	32.756566	905.232471	-42.281459	-14.378781	-0.641356	16.266700	-48.830490	0.000000	
-14.270395	31.350673	902.305267	-42.567037	-14.117451	-0.604080	16.069085	-49.232206	0.000000	
-14.978009	29.689153	900.058257	-42.474670	-14.011669	-0.686581	16.028619	-49.166389	0.000000	
-15.897217	28.765690	896.956440	-42.624553	-13.784649	-0.778418	15.879169	-49.454549	0.000000	
-16.038918	26.802319	896.252757	-42.201473	-13.504883	-0.926140	15.587001	-48.920141	0.000000	
-16.828957	25.707686	894.010011	-42.175914	-13.225729	-1.008957	15.355292	-48.956775	0.000000	
-17.835541	24.964452	890.739099	-41.951491	-13.016309	-1.026183	15.229700	-48.844517	0.000000	
-18.451508	23.958188	889.014726	-41.883767	-12.720177	-1.044441	14.958619	-48.810097	0.000000	
-19.109010	23.256922	886.432853	-41.771016	-12.493620	-1.043626	14.781632	-48.787325	0.000000	
-20.332565	22.425384	883.157767	-41.654629	-12.248879	-1.181300	14.624221	-48.791433	0.000000	
-21.601537	21.904346	881.436706	-41.609920	-12.126724	-1.143833	14.581045	-48.807879	0.000000	
-22.741834	20.680617	878.677668	-41.495858	-11.847420	-1.207845	14.369647	-48.765790	0.000000	
-23.401946	19.373155	877.804418	-41.204354	-11.550317	-1.401941	14.080394	-48.413213	0.000000	
-24.366638	18.587458	875.737738	-41.136684	-11.410640	-1.382816	14.005545	-48.407820	0.000000	
-25.545900	17.801917	872.636227	-40.800746	-10.940212	-1.492869	13.579516	-48.151846	0.000000	
-26.335774	16.797482	870.392181	-40.597588	-10.799889	-1.593708	13.495862	-47.988290	0.000000	
-27.254008	16.140921	868.666692	-40.660431	-10.607741	-1.695198	13.350726	-48.120261	0.000000	
-27.998390	15.221968	866.251227	-40.478987	-10.311054	-1.823968	13.085859	-47.994881	0.000000	
-28.828474	14.871624	864.185090	-40.476100	-10.258260	-1.860226	13.100991	-48.086538	0.000000	
-29.313179	13.776649	861.596526	-40.316580	-10.135344	-1.960930	13.024499	-47.985998	0.000000	
-29.404610	12.640042	861.583861	-40.246374	-9.890647	-2.174033	12.745571	-47.844496	0.000000	
-29.756966	12.072049	860.547138	-40.199890	-9.942077	-2.219753	12.839902	-47.817190	0.000000	
-29.842220	11.892930	859.165269	-40.238561	-9.958506	-2.394900	12.884733	-47.928777	0.000000	
-29.190775	10.973153	859.497164	-40.079686	-9.870422	-2.607705	12.742272	-47.676348	0.000000	
-29.889489	10.708746	858.290853	-40.298288	-9.852495	-2.663069	12.777191	-47.983229	0.000000	
-30.105113	10.665135	858.455380	-40.338110	-9.851513	-2.875915	12.785100	-48.018170	0.000000	
-30.150093	10.226709	858.792327	-40.490162	-9.868116	-3.015010	12.801708	-48.153066	0.000000	
-29.891787	9.354439	860.839908	-40.574220	-9.970801	-3.311891	12.876007	-48.090629	0.000000	
-29.937304	8.693783	859.627447	-40.723599	-10.056552	-3.477954	12.996789	-48.296212	0.000000	
-29.853780	7.818937	861.161868	-40.985248	-10.107367	-3.719433	13.027631	-48.468050	0.000000	
-29.240331	7.633676	860.295348	-41.288507	-10.193434	-3.931999	13.108284	-48.859003	0.000000	
-29.591446	7.327601	860.977347	-41.618130	-10.401298	-4.034209	13.357857	-49.187148	0.000000	
-29.588940	7.235287	860.625488	-41.877454	-10.539265	-4.265393	13.523619	-49.503454	0.000000	
-29.281140	7.141554	860.274809	-42.115237	-10.660066	-4.468808	13.653210	-49.794836	0.000000	
-28.632382	5.875169	861.460708	-41.911148	-10.727809	-4.755699	13.677972	-49.422349	0.000000	
-28.108181	5.425029	860.078730	-42.369373	-10.796539	-4.931321	13.752300	-50.009708	0.000000	
-27.676001	4.325844	859.378406	-42.496270	-10.829921	-5.143908	13.779453	-50.138884	0.000000	
-27.067352	3.442916	858.848391	-42.775847	-11.054247	-5.430453	14.016722	-50.447754	0.000000	
-26.855354	2.167464	856.773905	-42.902525	-11.174554	-5.568350	14.180429	-50.648133	0.000000	
-26.558757	0.409275	855.040018	-43.183688	-11.225087	-5.743753	14.252938	-50.984104	0.000000	
-26.651454	-0.783868	851.248946	-43.530238	-11.397642	-5.834888	14.525491	-51.551725	0.000000	
-26.048542	-2.280695	849.690181	-43.812522	-11.518117	-5.954723	14.661827	-51.896600	0.000000	
-26.059675	-4.479496	845.204435	-43.980843	-11.568302	-6.091834	14.801241	-52.249020	0.000000	
-25.155817	-6.717918	843.812963	-44.020203	-11.532015	-6.230204	14.733848	-52.258978	0.000000	
-24.906033	-8.829910	840.190832	-44.324081	-11.565454	-6.275404	14.824797	-52.728285	0.000000	
-25.094423	-10.974212	838.457559	-44.320794	-11.598690	-6.330301	14.906054	-52.714715	0.000000	
-24.935484	-13.524091	833.975565	-44.580938	-11.614727	-6.310407	14.998260	-53.166771	0.000000	
-24.908256	-15.847021	831.558947	-44.690336	-11.631175	-6.226471	15.061005	-53.322942	0.000000	
-25.098348	-17.958151	826.740245	-45.019912	-11.787041	-6.030581	15.349679	-53.912190	0.000000	
-26.162738	-20.409382	823.635267	-45.239573	-11.716278	-5.946729	15.382256	-54.243430	0.000000	
-26.267584	-22.735619	820.363658	-45.527400	-11.733231	-5.742451	15.471363	-54.678273	0.000000	
-26.763657	-24.748037	818.812189	-45.684973	-11.628666	-5.548193	15.401437	-54.860335	0.000000	
-26.910111	-26.543158	816.746960	-45.753875	-11.715488	-5.306995	15.555706	-54.981102	0.000000	
-27.315593	-27.945717	814.686486	-45.956905	-11.646389	-5.019943	15.533911	-55.288979	0.000000	
-27.241395	-29.521199	813.653561	-45.960467	-11.524857	-4.816391	15.400456	-55.273847	0.000000	
-27.472557	-31.057036	810.903264	-46.117405	-11.524992	-4.565881	15.467009	-55.566130	0.000000	
-27.963503	-31.982342	807.302779	-46.409616	-11.595602	-4.139324	15.652802	-56.121118	0.000000	
-28.020817	-33.559097	806.614548	-46.656987	-11.526325	-3.917693	15.583802	-56.385321	0.000000	
-27.909147	-35.704295	805.238690	-46.795217	-11.526672	-3.584571	15.604998	-56.529932	0.000000	
-28.012494	-37.549022	803.004987	-47.263303	-11.544440	-3.279226	15.677305	-57.163096	0.000000	
-27.899265	-39.475508	802.659483	-47.577859	-11.648944	-3.011320	15.807889	-57.468932	0.000000	
-27.441937	-42.017081	801.625556	-47.915106	-11.788256	-2.669171	15.976201	-57.817245	0.000000	
-26.371085	-44.471293	802.307893	-48.207749	-11.736272	-2.457429	15.836131	-57.992427	0.000000	
-26.165403	-45.791440	800.933865	-48.719073	-11.945218	-2.216878	16.112879	-58.653680	0.000000	
-25.706339	-48.201177	800.929612	-49.144241	-12.049594	-1.958574	16.216906	-59.046358	0.000000	
-24.770254	-51.267100	802.293692	-49.612851	-12.031773	-1.821377	16.112902	-59.354950	0.000000	
-23.445156	-54.688032	801.596375	-50.036686	-12.222674	-1.562665	16.289253	-59.738506	0.000000	
-22.510024	-57.936750	799.694629	-50.568165	-12.447982	-1.368260	16.556638	-60.357112	0.000000	
-21.007021	-61.186446	798.308627	-50.989533	-12.551846	-1.192546	16.629365	-60.801580	0.000000	
-19.545261	-64.221736	794.860788	-51.363965	-12.742460	-1.015728	16.857987	-61.358647	0.000000	
-17.991272	-66.649148	790.731487	-51.805578	-12.742610	-0.783448	16.857353	-62.093881	0.000000	
-16.521760	-68.641510	784.027224	-52.023712	-12.951377	-0.493869	17.184118	-62.782204	0.000000	
-14.877700	-70.766669	777.666048	-52.308297	-13.021116	-0.232495	17.319551	-63.532186	0.000000	
-12.052350	-72.981226	771.470064	-52.146823	-12.968580	-0.164890	17.224443	-63.697342	0.000000	
-9.354009	-74.327403	762.710059	-52.054465	-12.900139	0.171988	17.173212	-64.221353	0.000000	
-6.918238	-75.889132	753.942977	-51.848621	-12.987246	0.389010	17.343294	-64.594462	0.000000	
-4.297622	-76.322390	742.091389	-51.507857	-12.901306	0.653704	17.346803	-65.132704	0.000000	
-1.372536	-76.889797	728.867920	-50.991210	-12.659382	1.020706	17.150424	-65.561413	0.000000	
0.900303	-77.326877	712.890708	-50.314828	-12.590513	1.324647	17.298287	-66.043514	0.000000	
4.147220	-76.024986	695.553756	-49.550649	-12.245158	1.712356	17.025684	-66.665763	0.000000	
7.133336	-74.769030	674.263147	-48.318768	-11.847464	2.148587	16.779262	-67.015099	0.000000	
10.351078	-72.469892	650.562137	-46.790324	-11.396749	2.290409	16.481210	-67.253144	0.000000	
14.444376	-69.609908	624.810623	-45.087555	-10.877935	2.664615	16.041170	-67.491548	0.000000	
17.313479	-67.575593	597.671461	-43.180654	-10.166270	2.835755	15.371740	-67.501560	0.000000	
21.200302	-64.332442	566.068445	-40.979288	-9.263737	2.916699	14.336534	-67.619396	0.000000	
25.258920	-61.396466	533.433881	-38.645128	-8.448048	3.063134	13.352958	-67.605855	0.000000	
29.115664	-56.759511	497.023053	-35.818060	-7.493384	3.091636	12.075594	-67.266405	0.000000	
33.279369	-51.032067	459.428762	-32.998114	-6.801696	3.555841	11.166008	-67.169116	0.000000	
37.888515	-45.528414	418.895069	-29.501614	-5.673229	3.512981	9.075634	-65.882124	0.000000	
38.526268	-39.222364	372.022491	-25.459733	-4.285438	4.055635	6.448218	-64.040807	0.000000	
38.271410	-30.690051	323.259565	-21.341920	-2.549445	4.210437	2.132903	-62.108637	0.000000	
38.407561	-20.747738	278.301890	-17.238681	-1.303000	4.891629	-1.974571	-58.968374	0.000000	
41.681506	-11.940175	241.229732	-13.000718	-0.055183	5.079496	-8.028558	-52.072620	0.000000	
39.291671	-1.312927	202.279394	-8.744365	1.401129	5.434089	-16.171570	-43.387614	0.000000	
35.369125	7.574901	161.581144	-4.011439	2.861284	5.290436	-28.087376	-27.440996	0.000000	
30.993880	15.869123	128.287315	0.259560	4.284348	5.642208	-44.820776	-4.127190	0.000000	
35.702051	18.263001	97.017214	4.604673	5.118431	5.726043	-69.999763	38.341296	0.000000	
29.254080	23.171432	76.558560	7.249202	5.574493	5.044433	-90.704961	80.301126	0.000000	
18.861101	11.750798	58.550019	9.049316	6.252551	3.313234	-121.920982	144.862787	0.000000	
15.755940	17.256357	53.788232	8.643424	6.925806	3.822657	-142.547243	145.470694	0.000000	
19.143000	14.190785	59.423696	8.607408	6.546584	3.228819	-125.299329	133.399841	0.000000	
21.830744	13.625492	65.283181	8.413254	5.831065	3.828339	-105.015094	118.810022	0.000000	
19.914299	13.804371	66.311927	7.839361	6.144534	3.669258	-106.787684	108.181138	0.000000	
17.282707	11.405404	62.512756	7.888637	6.511943	3.559002	-117.198962	117.338046	0.000000	
18.915783	13.883860	60.811975	7.977968	6.475219	3.643545	-121.100326	120.225717	0.000000	
20.705517	13.488361	61.314041	8.537612	6.215876	3.348679	-117.224886	128.661883	0.000000	
20.146231	15.416577	61.508287	8.529524	6.161366	3.709479	-115.550937	126.679805	0.000000	
18.873265	13.719616	63.377230	8.357600	6.407223	3.328602	-115.107241	121.450267	0.000000	
18.687491	12.716151	64.068051	8.174124	6.441298	3.586806	-114.267780	117.992886	0.000000	
19.521974	13.359455	62.010570	7.955844	6.249594	3.615592	-115.576907	117.925490	0.000000	
19.522107	13.229578	60.631620	8.312511	6.180648	3.561302	-117.061516	126.598990	0.000000	
19.839154	14.975471	60.644361	8.266932	6.144581	3.635475	-116.682881	124.495700	0.000000	
19.436702	13.408668	62.521124	8.311624	6.319773	3.477029	-115.695287	122.613084	0.000000	
19.003471	14.152779	62.530031	8.153820	6.301485	3.615594	-115.067507	119.524202	0.000000	
18.869098	13.675534	62.869129	8.286856	6.267231	3.578631	-113.805296	121.342515	0.000000	
20.002071	13.275418	63.038618	8.265610	6.301984	3.541529	-114.878621	120.970139	0.000000	
20.003212	13.406641	62.522061	8.355540	6.197899	3.514316	-114.161293	123.315148	0.000000	
19.262617	13.408939	63.036919	8.200504	6.441399	3.457948	-116.553459	119.843106	0.000000	
18.916064	14.066258	62.184953	8.265009	6.336430	3.597333	-116.201619	122.042093	0.000000	
19.655475	13.715864	63.384303	8.287341	6.249747	3.541507	-113.177959	120.330931	0.000000	
19.353878	14.279268	62.015487	8.044209	6.249202	3.615793	-115.436695	118.658352	0.000000	
19.396062	13.797129	61.149765	8.157927	6.267337	3.514533	-117.394979	122.567262	0.000000	
19.047061	14.018455	61.496129	8.112189	6.197581	3.569909	-115.339974	120.964961	0.000000	
19.569063	13.625005	62.695023	8.156613	6.302146	3.486047	-115.191240	119.640449	0.000000	
19.569286	13.626328	63.209840	8.178596	6.336980	3.458052	-114.806785	119.009126	0.000000	
19.744867	13.799234	62.353674	8.266579	6.371372	3.523262	-117.060163	121.932894	0.000000	
19.264088	13.801939	62.352825	8.222574	6.249927	3.523356	-114.759160	121.226819	0.000000	
19.394477	13.801358	62.182043	8.244213	6.215013	3.560517	-114.608542	121.909443	0.000000	
19.349263	13.365222	62.864695	8.244934	6.371916	3.467444	-115.830091	120.911436	0.000000	
19.221456	13.842511	61.321107	8.158065	6.197929	3.505311	-115.804873	122.191696	0.000000	
19.481086	13.495432	62.521811	8.289491	6.337073	3.476984	-116.003399	122.193856	0.000000	
19.305119	13.323583	63.036450	8.354907	6.406678	3.476705	-116.034538	122.355739	0.000000	
19.132003	13.496560	62.350293	8.267137	6.389234	3.486167	-116.900579	122.171908	0.000000	
19.440871	14.063706	62.009625	8.334054	6.215149	3.505262	-114.962985	123.503788	0.000000	
19.655623	13.315760	61.488621	8.203252	6.319930	3.440353	-117.799326	122.986728	0.000000	
19.569968	13.669517	62.865100	8.201869	6.285005	3.430580	-114.608423	120.002838	0.000000	
19.393393	13.540297	63.038252	8.222235	6.302208	3.495211	-114.438435	120.089381	0.000000	
19.481988	13.582090	62.865461	8.179186	6.337087	3.448946	-115.371820	119.705337	0.000000	
19.482371	13.582052	62.864062	8.180095	6.302514	3.412012	-114.824700	119.722493	0.000000	
19.481998	13.492923	62.519994	8.114211	6.302553	3.412064	-115.455288	119.395683	0.000000	
19.134210	13.976653	62.009614	8.201101	6.163051	3.523623	-113.895237	121.424354	0.000000	
19.352399	13.886652	61.665456	8.179588	6.197818	3.514451	-115.255833	121.822899	0.000000	
19.481833	13.711561	62.009626	8.156305	6.267189	3.541892	-115.832620	120.898681	0.000000	
19.308418	13.755896	61.492332	8.246285	6.267480	3.495997	-116.679410	123.349657	0.000000	
19.262216	13.537637	61.836398	8.156538	6.232619	3.541989	-115.433736	121.371872	0.000000	
19.655179	13.406359	62.692782	8.201442	6.302372	3.458351	-115.262167	120.520311	0.000000	
19.700270	13.625981	63.038270	8.244893	6.354303	3.467450	-115.488867	120.386213	0.000000	
19.700869	13.625389	63.380825	8.157041	6.371818	3.420911	-115.143104	118.347425	0.000000	
19.439830	13.887415	62.181125	8.201096	6.267279	3.504902	-115.484342	121.154141	0.000000	
19.178244	13.842509	61.663872	8.092096	6.215424	3.468047	-115.414323	120.440131	0.000000	
19.394716	13.801633	62.353391	8.244360	6.232451	3.541919	-114.574264	121.575334	0.000000	
19.223203	14.104552	61.667040	8.091055	6.232441	3.514286	-115.717920	120.221461	0.000000	
19.308845	13.843712	62.180763	8.156957	6.302096	3.495524	-115.947994	120.477358	0.000000	
19.264620	13.714027	62.350432	8.223840	6.302353	3.458534	-115.604781	121.316692	0.000000	
19.350519	13.582889	62.693274	8.179447	6.232894	3.458424	-113.929388	120.038943	0.000000	
19.481239	13.494269	62.864909	8.135084	6.302382	3.448931	-114.820225	119.069149	0.000000	
19.436619	13.364887	63.208419	8.200499	6.389262	3.457963	-115.539901	119.548697	0.000000	
19.441460	14.107474	62.182183	8.333599	6.301950	3.505052	-116.041157	123.120082	0.000000	
19.264927	13.845715	62.524292	8.222826	6.302115	3.495460	-115.280586	120.864913	0.000000	
19.482812	13.755807	62.179372	8.179713	6.232713	3.477175	-114.963498	120.911101	0.000000	
19.266207	13.888161	62.007322	8.246563	6.302330	3.449487	-116.243586	122.227713	0.000000	
19.221641	13.887391	61.666029	8.201196	6.284657	3.523581	-116.565395	122.171612	0.000000	
19.699295	13.407947	63.034391	8.290701	6.285248	3.402868	-114.399726	121.279574	0.000000	
19.482533	13.627604	62.864332	8.312441	6.319868	3.421419	-115.100392	121.793895	0.000000	
19.308229	13.802428	62.695972	8.244680	6.319491	3.495386	-115.274679	120.913055	0.000000	
19.656943	13.537623	63.035293	8.180297	6.319924	3.393423	-114.917269	119.431672	0.000000	
19.304962	13.279658	63.206211	8.289708	6.302666	3.430462	-114.078002	121.026348	0.000000	
19.440071	13.759667	63.379998	8.290215	6.354630	3.393373	-114.684030	120.352663	0.000000	
19.221155	13.844917	61.836569	8.245789	6.215301	3.505177	-115.122789	122.586163	0.000000	
19.700322	13.449998	62.517680	8.270136	6.250673	3.366136	-114.790430	121.925824	0.000000	
19.830232	13.450404	63.208293	8.223279	6.337092	3.439621	-115.001374	119.847063	0.000000	
19.439517	13.976262	62.697502	8.178216	6.180283	3.523284	-113.147942	119.722415	0.000000	
19.397140	14.018937	62.353002	8.179281	6.232553	3.486366	-114.578405	120.371984	0.000000	
19.266819	13.978322	62.866269	8.312331	6.337117	3.421410	-115.213292	121.531610	0.000000	
19.393878	13.498823	63.894665	8.267115	6.337295	3.411606	-113.458129	119.205913	0.000000	
19.480101	13.277951	63.205159	8.246424	6.285393	3.393453	-113.934139	120.344791	0.000000	
19.613918	13.670975	63.552893	8.245056	6.423945	3.420872	-115.589425	119.377655	0.000000	
19.526793	13.670659	62.864068	8.290761	6.319905	3.402902	-115.133861	121.418021	0.000000	
19.397050	13.714840	63.206600	8.247122	6.389592	3.347089	-115.519621	120.034951	0.000000	
19.439226	13.757351	62.351701	8.267439	6.319544	3.486327	-116.007018	121.981476	0.000000	
19.220334	13.806557	63.898209	8.287849	6.302180	3.476440	-112.777315	119.302097	0.000000	
19.352564	13.844048	62.523518	8.135162	6.267443	3.467658	-114.791979	119.465546	0.000000	
19.223400	14.152799	62.352855	8.312078	6.215259	3.477329	-114.173082	122.403221	0.000000	
19.223226	14.064163	62.696209	8.179269	6.284782	3.458380	-114.658239	119.677156	0.000000	
19.567442	13.231177	62.517966	8.180782	6.285363	3.402916	-115.246962	120.657107	0.000000	
19.439143	13.580874	62.005334	8.246867	6.354619	3.430893	-117.218963	122.464645	0.000000	
19.570343	13.626840	63.208573	8.267709	6.441414	3.411773	-116.462074	120.420974	0.000000	
19.528429	13.973429	61.663651	8.225361	6.163286	3.449858	-114.830592	122.504003	0.000000	
19.048970	14.153601	63.211875	8.156744	6.267423	3.448896	-113.323886	118.275661	0.000000	
19.134875	13.978159	62.523056	8.246043	6.180687	3.458697	-113.244994	121.141158	0.000000	
19.265475	13.889705	62.523389	8.245632	6.267488	3.467808	-114.728823	121.199056	0.000000	
19.091551	14.021372	62.867511	8.135017	6.215349	3.458338	-113.145817	118.677248	0.000000	
19.396284	13.800378	62.179972	8.245638	6.354308	3.477072	-116.853873	121.937172	0.000000	
19.787561	13.626771	63.896112	8.178742	6.302306	3.420830	-113.191552	117.727963	0.000000	
19.438048	13.452216	63.034997	8.246173	6.372117	3.402653	-115.585992	120.539667	0.000000	
19.308765	13.625180	62.175193	8.181831	6.250640	3.375401	-115.130692	121.050026	0.000000	
19.613452	13.496244	63.205869	8.335179	6.389596	3.365700	-115.678599	121.588704	0.000000	
19.438852	13.494869	62.518860	8.269352	6.354845	3.384449	-116.262039	121.877939	0.000000	
19.439416	13.799113	61.492341	8.246526	6.197953	3.496122	-115.646777	123.321208	0.000000	
19.353460	13.887701	62.179806	8.223981	6.336980	3.458580	-116.543816	121.524567	0.000000	
19.393949	13.454120	63.721570	8.223829	6.302697	3.383930	-113.222601	118.883963	0.000000	
19.526021	13.496193	63.548099	8.203294	6.268145	3.328562	-113.082782	118.856123	0.000000	
19.398486	14.194528	62.353517	8.245786	6.232528	3.477228	-114.578052	121.307961	0.000000	
19.350891	13.758959	63.211594	8.155666	6.249932	3.504392	-113.267508	118.546488	0.000000	
19.615374	13.756988	62.863562	8.269452	6.337353	3.365870	-115.477195	121.016817	0.000000	
19.482272	13.406566	62.860748	8.159561	6.320284	3.337958	-115.113354	119.530658	0.000000	
19.135832	13.887499	61.834220	8.181290	6.285146	3.412500	-116.193200	121.516045	0.000000	
19.613832	13.492791	62.519049	8.203212	6.389543	3.375069	-116.945501	120.821188	0.000000	
19.657505	13.583659	63.378173	8.312987	6.354787	3.365661	-114.847695	120.843259	0.000000	
19.266882	13.975641	62.179458	8.224460	6.302307	3.440142	-115.922750	121.467849	0.000000	
19.223370	14.062338	61.836400	8.180557	6.197996	3.458898	-114.844905	121.369767	0.000000	
19.178595	13.844419	61.834624	8.224993	6.250319	3.440357	-115.661048	122.254097	0.000000	
19.003529	13.892398	62.865783	8.267939	6.232940	3.439979	-113.364295	120.889315	0.000000	
19.355335	14.191652	62.009055	8.070148	6.180512	3.449474	-114.341972	119.154048	0.000000	
19.396961	13.975545	62.867644	8.112964	6.232642	3.458300	-113.644235	118.359763	0.000000	
19.482661	13.540817	63.549087	8.268977	6.337547	3.347039	-114.141721	119.855525	0.000000	
19.480673	13.320649	63.205379	8.180280	6.302751	3.384091	-114.208800	119.266777	0.000000	
19.481607	13.406573	63.034369	8.114092	6.337423	3.384030	-115.068550	118.478827	0.000000	
19.308727	13.845587	62.007404	8.312514	6.215412	3.477457	-114.873251	123.322760	0.000000	
19.048116	13.979632	63.036861	8.246556	6.198291	3.402951	-112.540355	120.157083	0.000000	
19.442868	14.191635	61.837647	8.158382	6.249957	3.458816	-115.846239	120.912469	0.000000	
19.222808	14.020347	62.524717	8.201121	6.302109	3.476949	-115.248700	120.388409	0.000000	
19.267152	13.974575	62.007401	8.180671	6.302340	3.430910	-116.244292	121.100774	0.000000	
19.481040	13.277416	63.375100	8.203384	6.303014	3.328557	-113.908170	119.342121	0.000000	
19.397103	13.713529	62.861428	8.182243	6.250772	3.319628	-113.943964	119.665441	0.000000	
19.484388	13.713698	62.691529	8.291568	6.389532	3.365880	-116.529384	121.734720	0.000000	
19.655550	13.275153	62.516393	8.248221	6.250808	3.356837	-114.761985	121.706514	0.000000	
19.482649	13.538964	63.205721	8.180892	6.302758	3.356371	-114.209734	119.116849	0.000000	
19.396144	13.583758	63.204970	8.247672	6.337640	3.328664	-114.699977	120.142215	0.000000	
19.485537	14.017137	61.664803	8.246849	6.302178	3.458917	-117.048806	122.817552	0.000000	
19.353920	13.887029	61.835379	8.246902	6.337088	3.440268	-117.193359	122.575187	0.000000	
19.614371	13.580685	63.034190	8.137047	6.337464	3.347099	-115.166458	118.716204	0.000000	
19.570647	13.580937	62.862046	8.159440	6.302761	3.347257	-114.896940	119.398591	0.000000	
