NO_OF_SAMPLES	659
FREQUENCY	400
TIME_STAMP	2020-08-07, 12:50:47.519	3184.74929124
FIRST_SAMPLE	2220
DESCRIPTION	Force data in local (force plate) coordinates
DATA_INCLUDED	Force
FORCE_PLATE_TYPE	Amti
FORCE_PLATE_MODEL	Unknown
FORCE_PLATE_NAME	7390
FORCE_PLATE_CORNER_POSX_POSY_X	586.302996
FORCE_PLATE_CORNER_POSX_POSY_Y	778.885007
FORCE_PLATE_CORNER_POSX_POSY_Z	-12.587900
FORCE_PLATE_CORNER_NEGX_POSY_X	578.343987
FORCE_PLATE_CORNER_NEGX_POSY_Y	399.753004
FORCE_PLATE_CORNER_NEGX_POSY_Z	-14.426700
FORCE_PLATE_CORNER_NEGX_NEGY_X	-1.246320
FORCE_PLATE_CORNER_NEGX_NEGY_Y	401.962012
FORCE_PLATE_CORNER_NEGX_NEGY_Z	-16.833499
FORCE_PLATE_CORNER_POSX_NEGY_X	-0.274277
FORCE_PLATE_CORNER_POSX_NEGY_Y	785.919964
FORCE_PLATE_CORNER_POSX_NEGY_Z	-14.884100
FORCE_PLATE_OFFSET_X	-0.355600
FORCE_PLATE_OFFSET_Y	-0.050800
FORCE_PLATE_OFFSET_Z	-45.389800
FORCE_PLATE_LENGTH	599.948000
FORCE_PLATE_WIDTH	400.050000
Force_X	Force_Y	Force_Z	Moment_X	Moment_Y	Moment_Z	COP_X	COP_Y	COP_Z
20.204568	1.905893	364.924086	-4.024008	17.829115	1.701712	-51.725725	-11.314832	0.000000	
20.207594	1.906667	365.447795	-4.068978	17.793893	1.766958	-51.556105	-11.421839	0.000000	
19.944415	1.682682	366.313539	-4.114204	17.899396	1.767277	-51.690501	-11.490675	0.000000	
20.255465	1.817856	365.967686	-4.046789	17.723816	1.794931	-51.297823	-11.334039	0.000000	
20.255020	1.554245	365.795456	-4.201862	17.758779	1.776147	-51.417334	-11.730576	0.000000	
19.987251	1.599525	364.230564	-4.156964	17.758412	1.757092	-51.602340	-11.663131	0.000000	
19.855152	1.469324	363.710875	-4.333637	17.705491	1.756623	-51.513575	-12.149227	0.000000	
20.125155	1.469877	364.406509	-4.245164	17.582732	1.821935	-51.112674	-11.883413	0.000000	
20.346646	1.204395	365.799272	-4.423378	17.688272	1.813049	-51.235422	-12.292609	0.000000	
20.345412	1.075158	364.410710	-4.466925	17.635205	1.803213	-51.283520	-12.442660	0.000000	
20.127491	0.899540	364.585634	-4.644329	17.599901	1.840209	-51.135121	-12.901440	0.000000	
20.218440	0.677975	364.582072	-4.555292	17.547406	1.830884	-51.002953	-12.629766	0.000000	
20.302763	0.594418	363.547840	-4.733220	17.634494	1.849274	-51.397114	-13.144538	0.000000	
20.615863	0.244107	363.549109	-4.843166	17.494034	1.858243	-51.049671	-13.403179	0.000000	
20.618073	0.025647	362.330044	-4.841421	17.318354	1.838915	-50.735645	-13.415923	0.000000	
20.134581	-0.239754	362.154499	-4.996721	17.335678	1.857247	-50.747304	-13.817960	0.000000	
20.487420	-0.412885	361.812645	-5.041573	17.352899	1.885188	-50.886778	-13.933212	0.000000	
20.622598	-0.499878	362.336378	-5.130393	17.300208	1.922423	-50.685253	-14.147380	0.000000	
20.621123	-0.761561	361.296488	-5.285042	17.299811	1.903344	-50.828826	-14.583116	0.000000	
20.318633	-1.073579	361.810045	-5.262302	17.194790	1.912504	-50.428970	-14.460495	0.000000	
20.540442	-1.289723	360.770296	-5.371886	17.054033	1.911873	-50.211033	-14.778580	0.000000	
20.316612	-1.201029	359.379529	-5.239074	17.106324	1.911717	-50.521203	-14.477219	0.000000	
20.320072	-1.555170	359.376517	-5.150803	17.106330	1.930431	-50.522078	-14.186989	0.000000	
20.496668	-1.597486	359.727651	-5.305815	17.088750	1.930363	-50.446522	-14.598765	0.000000	
20.496751	-1.596979	360.076401	-5.438505	17.071251	1.920956	-50.349418	-14.953244	0.000000	
20.232841	-1.729733	358.332764	-5.194003	17.000782	1.920548	-50.362600	-14.326612	0.000000	
20.188749	-1.907116	358.329288	-5.281505	16.965922	1.855127	-50.260215	-14.548473	0.000000	
20.543687	-1.994243	359.376928	-5.349113	17.001038	1.902078	-50.257279	-14.683334	0.000000	
20.053363	-1.595725	357.639168	-5.326188	16.983036	1.892199	-50.387184	-14.740908	0.000000	
20.275987	-1.598019	358.330428	-5.170839	16.948386	1.873882	-50.222170	-14.278743	0.000000	
20.364497	-1.550639	358.685850	-5.371213	16.965566	1.939057	-50.231852	-14.829276	0.000000	
20.366761	-1.815579	358.683056	-5.436816	16.895488	1.910869	-50.037153	-14.978762	0.000000	
19.924322	-1.690199	360.066871	-5.349440	17.089099	1.883659	-50.328152	-14.694529	0.000000	
20.141271	-1.598176	359.029846	-5.371566	17.106241	1.883468	-50.547665	-14.810087	0.000000	
20.016944	-1.955318	360.063812	-5.260510	17.001411	1.902215	-50.096718	-14.414250	0.000000	
19.883719	-1.826573	361.103150	-5.260687	17.072077	1.865325	-50.132499	-14.389580	0.000000	
19.662632	-1.913307	359.711780	-5.237849	17.019056	1.864823	-50.149739	-14.370611	0.000000	
19.797728	-2.004089	360.401474	-5.148429	16.949368	1.827698	-49.878101	-14.083661	0.000000	
19.750401	-1.784566	359.529044	-4.948289	16.949460	1.781089	-49.992554	-13.588754	0.000000	
19.836168	-1.741374	361.099175	-5.127727	17.177700	1.800445	-50.419573	-14.032239	0.000000	
19.882759	-1.520951	361.446358	-5.016964	17.090020	1.847082	-50.134756	-13.740046	0.000000	
19.660873	-1.611524	361.616842	-5.061177	17.160414	1.800572	-50.278101	-13.844489	0.000000	
19.746099	-1.570306	361.611687	-4.927500	17.213534	1.707655	-50.436407	-13.480190	0.000000	
19.573630	-1.614530	361.609724	-4.905126	17.108156	1.754005	-50.123619	-13.412839	0.000000	
19.217420	-1.442757	361.254313	-4.683287	17.196242	1.689018	-50.371658	-12.833485	0.000000	
19.176886	-1.576966	361.772304	-4.616935	17.161329	1.707767	-50.198454	-12.614938	0.000000	
19.086052	-1.487016	360.729677	-4.660115	17.108505	1.670050	-50.184650	-12.782272	0.000000	
19.435457	-1.224096	361.775088	-4.528666	17.284324	1.661608	-50.570489	-12.415126	0.000000	
19.173058	-1.447521	361.941844	-4.549822	17.231992	1.614844	-50.369860	-12.439859	0.000000	
19.173139	-1.274246	362.806108	-4.482767	17.215002	1.568510	-50.203897	-12.247203	0.000000	
19.124715	-1.011085	362.632935	-4.306689	17.372928	1.568986	-50.657141	-11.800412	0.000000	
19.036837	-0.834762	362.456313	-4.305307	17.250245	1.540712	-50.332169	-11.824405	0.000000	
18.858111	-0.924488	360.536192	-4.037686	17.197626	1.456472	-50.429884	-11.133525	0.000000	
18.771330	-0.884825	361.398188	-3.904450	17.198204	1.419535	-50.301149	-10.743405	0.000000	
18.856980	-0.532631	360.700279	-3.637885	17.163241	1.391645	-50.311634	-10.069391	0.000000	
18.636403	-0.846225	360.865702	-3.549034	17.251416	1.317343	-50.505333	-9.779140	0.000000	
18.855339	-0.186452	362.080319	-3.459322	17.164378	1.271052	-50.124164	-9.581445	0.000000	
18.983514	0.165574	361.730677	-3.303346	17.164659	1.205943	-50.189132	-9.203635	0.000000	
19.158031	0.385413	362.254450	-3.193745	17.270042	1.225107	-50.429854	-8.915393	0.000000	
18.802065	0.470222	359.806564	-2.791678	17.129948	1.084709	-50.336260	-7.868948	0.000000	
19.107973	0.776483	361.196693	-2.747591	17.218328	1.029472	-50.427030	-7.755288	0.000000	
19.019963	1.169936	361.364391	-2.414984	17.183612	1.029787	-50.296669	-6.880713	0.000000	
19.589088	1.084569	361.719733	-2.592779	17.306457	0.983495	-50.658638	-7.354817	0.000000	
19.149067	1.386208	362.403305	-2.282245	17.307132	0.955942	-50.510509	-6.521945	0.000000	
19.499578	1.827243	362.404163	-2.016483	17.307317	0.956331	-50.554800	-5.843839	0.000000	
19.277675	1.957604	360.830609	-1.726312	17.184648	0.881374	-50.405839	-5.081324	0.000000	
19.585994	2.484874	361.522408	-1.459623	17.097507	0.853791	-50.107734	-4.400215	0.000000	
19.541811	2.835647	361.866803	-1.282163	17.062706	0.853996	-49.958670	-3.949674	0.000000	
19.890160	2.968899	360.999708	-1.060901	17.150372	0.826331	-50.364456	-3.362877	0.000000	
20.240108	3.452398	362.043065	-0.906090	17.203533	0.799025	-50.411047	-2.986344	0.000000	
20.103102	4.068965	361.694799	-0.706688	17.238711	0.789897	-50.539310	-2.515246	0.000000	
20.450279	4.683949	362.038584	-0.461650	17.239472	0.678530	-50.537285	-1.913180	0.000000	
20.628099	4.773668	362.390420	-0.440439	17.239301	0.743925	-50.510365	-1.864080	0.000000	
20.847407	4.947864	362.908857	-0.285057	17.257320	0.697726	-50.515797	-1.455117	0.000000	
20.495422	5.207436	362.898205	0.004009	17.187631	0.660526	-50.281209	-0.691079	0.000000	
20.758115	5.250719	362.721568	0.115814	17.170426	0.586077	-50.290960	-0.388565	0.000000	
21.072090	5.161504	363.764065	0.269971	17.135519	0.651739	-50.091071	0.047317	0.000000	
21.423211	5.074251	363.766864	0.291721	17.205724	0.633357	-50.327494	0.117993	0.000000	
21.464840	5.071396	364.461197	0.357058	17.381493	0.606027	-50.719747	0.297300	0.000000	
21.245296	5.379293	364.284689	0.490391	17.293771	0.633854	-50.475990	0.625117	0.000000	
21.292464	5.554858	364.803525	0.579594	17.171179	0.652478	-50.074527	0.846834	0.000000	
21.464451	5.689517	363.415781	0.712688	17.205966	0.633751	-50.381586	1.199673	0.000000	
21.505229	6.043280	363.767096	0.623956	17.241102	0.624529	-50.434950	0.910399	0.000000	
21.106139	6.308149	362.373291	0.713859	17.153161	0.605357	-50.334904	1.129014	0.000000	
21.064466	6.483890	362.370116	0.847473	17.030447	0.623873	-49.991477	1.475734	0.000000	
21.063384	6.394342	362.543110	0.869148	17.118288	0.605483	-50.209950	1.546003	0.000000	
21.237027	6.753646	360.813666	0.913605	17.029758	0.670198	-50.225392	1.631672	0.000000	
21.104731	6.667849	359.599729	0.957412	17.029170	0.725812	-50.375408	1.770001	0.000000	
21.238905	6.713645	360.647763	0.757405	17.011583	0.772463	-50.198172	1.204370	0.000000	
21.282036	6.674579	359.089468	0.713172	16.958209	0.818513	-50.271284	1.091572	0.000000	
20.975108	6.852611	357.872762	0.868245	16.852396	0.901946	-50.106390	1.506195	0.000000	
20.580616	6.855126	356.132519	0.891919	16.641291	0.938259	-49.706446	1.579959	0.000000	
20.492973	6.640584	354.402303	0.780538	16.605155	1.030785	-49.834192	1.301118	0.000000	
20.627453	6.337852	353.021193	0.756855	16.604099	1.160924	-50.042066	1.278247	0.000000	
20.013496	6.336489	351.794819	0.825774	16.358403	1.141372	-49.437652	1.478961	0.000000	
19.793645	6.210975	350.067557	0.691308	16.357091	1.289834	-49.647574	1.118669	0.000000	
19.705006	6.039427	348.510860	0.645814	16.391216	1.382624	-49.954120	1.015696	0.000000	
19.444394	5.779651	346.601538	0.602001	16.214759	1.474833	-49.684107	0.929184	0.000000	
18.827406	5.648871	344.164307	0.669703	16.091255	1.492500	-49.593207	1.150087	0.000000	
18.915861	5.480428	342.264053	0.557956	16.054917	1.612987	-49.772138	0.852596	0.000000	
18.648944	5.352502	340.007573	0.470100	16.001475	1.621454	-49.907280	0.617277	0.000000	
18.213917	5.178199	338.789518	0.492675	15.807805	1.723151	-49.455499	0.709664	0.000000	
17.731179	4.741479	336.358940	0.469821	15.771490	1.834120	-49.637193	0.706148	0.000000	
17.512215	4.789134	334.795614	0.470895	15.595432	1.879894	-49.311761	0.706430	0.000000	
17.287961	4.751220	331.674552	0.558749	15.629210	1.963079	-49.843592	0.983625	0.000000	
16.717712	4.572168	330.099370	0.803940	15.488733	1.953167	-49.575768	1.755959	0.000000	
16.459667	4.001638	328.881815	0.693857	15.312630	2.017511	-49.186913	1.506671	0.000000	
16.543407	4.099130	325.766278	0.715244	15.311155	2.119276	-49.661063	1.573633	0.000000	
16.547732	3.572525	324.723965	0.649197	15.205382	2.155970	-49.494199	1.449060	0.000000	
16.285834	3.401369	322.466409	0.606094	14.993911	2.220064	-49.145557	1.349985	0.000000	
16.331136	2.742960	320.382173	0.672271	15.010703	2.247577	-49.521789	1.658934	0.000000	
15.984820	2.307299	318.647608	0.539474	14.816596	2.376946	-49.130936	1.313549	0.000000	
15.942227	1.380530	316.729947	0.672728	14.868918	2.330058	-49.585338	1.875340	0.000000	
15.902673	0.901977	314.125301	0.629833	14.622239	2.394030	-49.202534	1.823905	0.000000	
15.950555	0.904017	313.080145	0.764253	14.393914	2.421392	-48.643255	2.259216	0.000000	
15.645677	0.284684	312.378482	0.786730	14.376258	2.411774	-48.650899	2.426351	0.000000	
15.909836	0.070781	309.775190	0.810567	14.200023	2.410822	-48.526556	2.555458	0.000000	
15.865354	-0.324738	308.209820	0.855317	14.199639	2.391802	-48.763415	2.772135	0.000000	
15.951940	-0.629780	306.300818	0.877726	14.199020	2.391346	-49.075926	2.908095	0.000000	
16.305836	-0.755313	304.744352	0.855831	14.075405	2.455984	-48.971838	2.870056	0.000000	
16.390446	-0.663862	303.181305	0.835355	13.987415	2.399489	-48.944921	2.803885	0.000000	
16.218467	-0.972187	301.958243	0.925603	13.794219	2.398806	-48.476069	3.160672	0.000000	
16.566973	-0.879322	300.572724	0.882495	13.741267	2.351794	-48.574341	3.018031	0.000000	
16.437016	-0.837170	300.217004	1.017411	13.566124	2.304848	-48.028440	3.464691	0.000000	
16.437034	-0.791284	299.349942	1.127841	13.548196	2.351303	-48.106635	3.836815	0.000000	
16.613155	-0.745638	298.478665	1.174176	13.390341	2.294928	-47.743940	3.996458	0.000000	
16.787699	-0.566030	297.437602	1.175649	13.267336	2.266500	-47.522894	3.988169	0.000000	
17.139306	-0.473317	297.098407	1.108597	13.266915	2.313032	-47.629044	3.752926	0.000000	
17.306879	-0.115889	294.843108	1.132407	13.248983	2.228633	-47.955624	3.807750	0.000000	
16.863203	0.239700	291.710248	1.356598	13.020298	2.208855	-47.613850	4.562401	0.000000	
17.122350	0.553415	289.628731	1.446710	12.932127	2.171038	-47.689671	4.857520	0.000000	
17.029052	0.823103	287.548788	1.425168	12.896307	2.179720	-47.892759	4.775537	0.000000	
17.030602	0.782205	285.808491	1.471869	12.650289	2.160166	-47.321682	4.974818	0.000000	
17.162380	0.872887	285.463676	1.406007	12.579951	2.159898	-47.152967	4.735754	0.000000	
17.250624	0.745864	284.078997	1.295658	12.491541	2.196536	-47.083951	4.390936	0.000000	
17.557193	0.706018	282.865963	1.230500	12.403521	2.158772	-47.022362	4.186025	0.000000	
17.162228	0.444957	279.734125	1.365227	12.192100	2.185516	-46.724951	4.757447	0.000000	
17.207949	0.050714	278.344121	1.365797	12.121457	2.194326	-46.710170	4.847796	0.000000	
17.741881	-0.428654	278.526890	1.099586	12.033259	2.259252	-46.450107	3.966919	0.000000	
17.787709	-0.997589	277.316056	0.943794	12.050018	2.314715	-46.719302	3.515796	0.000000	
18.148213	-1.699361	276.624700	0.987190	11.961634	2.426285	-46.574821	3.796735	0.000000	
18.420802	-2.490719	276.101743	0.899682	11.768388	2.444321	-46.007265	3.617177	0.000000	
18.418768	-2.927757	274.192815	0.767423	11.767766	2.415717	-46.322486	3.232703	0.000000	
18.115540	-3.365133	272.106794	0.812202	11.591394	2.507955	-45.976126	3.495399	0.000000	
18.247577	-3.448179	270.024275	0.857644	11.450357	2.525842	-45.827848	3.704997	0.000000	
18.161622	-3.711839	269.502762	0.835463	11.414987	2.553535	-45.770123	3.674366	0.000000	
18.204808	-3.709218	268.811039	0.791177	11.397094	2.571924	-45.827717	3.518761	0.000000	
18.162098	-3.882725	267.418677	0.704894	11.186289	2.533738	-45.268931	3.244145	0.000000	
18.511888	-3.965911	266.383433	0.616004	11.220856	2.542858	-45.632839	2.937434	0.000000	
18.777994	-4.093304	266.392280	0.393862	11.185273	2.607847	-45.543106	2.125149	0.000000	
19.044902	-4.313170	266.044702	0.548608	11.167612	2.635898	-45.581293	2.747158	0.000000	
19.095197	-4.931454	266.214241	0.504805	11.079957	2.635693	-45.231801	2.686255	0.000000	
18.835194	-5.327415	265.518720	0.482202	11.026815	2.709848	-45.104766	2.675984	0.000000	
19.232692	-5.633860	265.348564	0.437642	11.044213	2.709881	-45.267021	2.562222	0.000000	
19.195455	-6.208663	266.215765	0.370209	11.044218	2.765908	-45.114391	2.398412	0.000000	
19.508874	-6.518388	266.561016	0.547077	11.009267	2.794129	-44.978670	3.111498	0.000000	
19.734034	-7.004015	267.604418	0.413727	11.009438	2.803607	-44.843512	2.683229	0.000000	
20.264939	-6.959653	269.521524	0.323904	11.062415	2.832206	-44.813040	2.323042	0.000000	
20.265549	-7.401466	269.520740	0.256951	11.150128	2.813662	-45.138711	2.149038	0.000000	
20.525651	-7.267516	269.177751	0.278568	11.255296	2.795254	-45.630334	2.209560	0.000000	
20.218695	-6.960983	268.996947	0.435083	11.097621	2.785656	-45.022812	2.741205	0.000000	
20.350716	-6.742085	269.865185	0.501364	11.115525	2.776709	-44.967651	2.941013	0.000000	
20.302038	-6.259241	269.863353	0.722643	11.203520	2.749181	-45.285840	3.679786	0.000000	
20.296245	-5.774698	269.861924	0.679913	11.186377	2.646610	-45.221580	3.439968	0.000000	
20.160837	-5.160495	270.028691	0.858967	11.099277	2.562779	-44.848553	3.997663	0.000000	
20.417790	-4.544416	272.645385	0.656834	11.433148	2.554714	-45.688872	3.114864	0.000000	
20.148248	-3.929493	271.769605	0.924313	11.380830	2.480069	-45.597432	4.006579	0.000000	
20.232217	-3.621765	271.768446	0.991376	11.416227	2.415016	-45.741896	4.201965	0.000000	
20.270388	-3.225995	271.593658	1.080503	11.486702	2.340690	-46.036974	4.466720	0.000000	
20.046309	-2.522870	271.938859	1.257804	11.504564	2.331660	-46.007266	4.995616	0.000000	
20.042304	-2.392258	272.285228	1.213779	11.592641	2.257340	-46.271999	4.805735	0.000000	
19.953041	-1.951916	271.413024	1.546540	11.522425	2.275956	-46.145920	5.973736	0.000000	
20.303289	-1.732004	273.154777	1.368946	11.610678	2.229902	-46.235232	5.248619	0.000000	
20.259555	-1.510408	273.332848	1.411912	11.645485	2.313938	-46.325423	5.365562	0.000000	
19.816393	-1.425354	272.281500	1.590386	11.628096	2.248480	-46.365182	6.027772	0.000000	
19.814119	-0.896159	272.803617	1.568894	11.575709	2.229865	-46.084715	5.849307	0.000000	
19.811782	-0.849575	272.113642	1.545871	11.645441	2.267092	-46.456538	5.771887	0.000000	
19.014030	-0.366948	271.587825	1.546380	11.662971	2.248180	-46.477013	5.704375	0.000000	
18.784023	0.478137	268.466299	1.570380	11.539248	2.237813	-46.513539	5.717812	0.000000	
18.640987	0.921946	266.907128	1.482246	11.661733	2.163016	-47.217757	5.345829	0.000000	
18.108139	1.494437	266.383069	1.505129	11.626599	2.153406	-47.087264	5.344802	0.000000	
17.441234	2.205310	264.303400	1.373019	11.520393	2.208295	-46.938609	4.765334	0.000000	
16.815311	2.562404	260.132095	1.529802	11.466728	2.179188	-47.370066	5.382958	0.000000	
16.105984	3.225851	259.265006	1.375554	11.378570	2.206430	-47.063087	4.690038	0.000000	
15.972326	3.095993	258.401911	1.351678	11.500712	2.280958	-47.668300	4.636286	0.000000	
15.661333	3.099727	256.493674	1.307464	11.482378	2.317586	-47.893780	4.498114	0.000000	
15.359852	2.701634	257.710917	1.150628	11.499741	2.429502	-47.683518	3.938170	0.000000	
15.413833	2.038200	259.798033	1.037141	11.569923	2.560512	-47.582876	3.585206	0.000000	
15.774157	1.114972	261.722672	0.656248	11.779907	2.728837	-48.100384	2.263251	0.000000	
16.008406	0.187055	264.331400	0.520321	11.815033	2.887871	-47.802294	1.885521	0.000000	
15.980633	-0.917047	265.197745	0.650561	11.761972	3.093107	-47.442463	2.559272	0.000000	
16.294551	-1.889348	268.334691	0.269341	12.130556	3.178188	-48.318696	1.272542	0.000000	
16.611032	-2.237928	269.038454	0.134658	12.059807	3.336565	-47.983655	0.827278	0.000000	
16.836930	-2.372499	271.474067	0.088084	12.147868	3.421244	-47.918498	0.670341	0.000000	
16.886279	-2.682795	273.039182	-0.002109	12.200636	3.486890	-47.847321	0.387463	0.000000	
17.196561	-2.591381	273.743030	-0.092224	12.217880	3.580285	-47.839654	0.041982	0.000000	
17.686372	-2.462753	277.741793	-0.270612	12.254018	3.590639	-47.366167	-0.622655	0.000000	
18.168741	-2.285302	278.618904	-0.206481	12.447000	3.638064	-47.989395	-0.419589	0.000000	
18.218198	-2.243698	281.053398	-0.274721	12.482451	3.722573	-47.710912	-0.665916	0.000000	
19.012248	-1.974418	282.980145	-0.476278	12.552546	3.816404	-47.763549	-1.417183	0.000000	
19.546398	-1.979287	286.455189	-0.433661	12.641275	3.836292	-47.582820	-1.251064	0.000000	
20.123837	-2.285953	287.156743	-0.369167	12.693762	3.929972	-47.741494	-0.975061	0.000000	
20.796694	-2.909408	291.848327	-0.438539	12.817664	3.996727	-47.508934	-1.100940	0.000000	
21.514621	-3.222016	296.545118	-0.420468	12.923652	4.166075	-47.229400	-0.975521	0.000000	
22.708865	-3.705516	300.034905	-0.689972	13.169659	4.232712	-47.684794	-1.789863	0.000000	
23.466900	-4.146158	302.473943	-0.736590	13.204974	4.336038	-47.533653	-1.863838	0.000000	
23.957591	-4.367976	304.038151	-0.670705	13.170305	4.364502	-47.250158	-1.604694	0.000000	
24.576199	-4.321693	306.309353	-0.872735	13.310727	4.449195	-47.452548	-2.259593	0.000000	
24.667426	-4.191641	306.998783	-0.760701	13.170874	4.421263	-46.904720	-1.908929	0.000000	
24.667357	-4.145693	308.051129	-0.962725	13.328423	4.524165	-47.257130	-2.565164	0.000000	
25.369956	-3.924391	309.620904	-1.073684	13.399139	4.468870	-47.350737	-2.943230	0.000000	
25.504024	-3.966207	309.450363	-1.096048	13.346236	4.515319	-47.225342	-3.010961	0.000000	
25.198249	-4.098313	308.927631	-1.074082	13.293272	4.570929	-47.088279	-2.925456	0.000000	
25.460855	-4.006991	308.583659	-1.205934	13.223021	4.533348	-46.951339	-3.369372	0.000000	
25.463389	-4.135835	308.763139	-1.471947	13.152456	4.588874	-46.696088	-4.210048	0.000000	
25.772716	-4.263967	307.898965	-1.493873	13.081847	4.616512	-46.642426	-4.274045	0.000000	
25.950628	-4.307109	308.594252	-1.713989	12.959308	4.569645	-46.167216	-4.971470	0.000000	
26.345802	-4.169942	308.257105	-1.737510	13.011407	4.644304	-46.444523	-5.073352	0.000000	
26.692732	-3.988998	308.267862	-2.003877	13.116421	4.625708	-46.834656	-5.963894	0.000000	
26.782694	-3.942021	308.272024	-2.114564	13.028427	4.672027	-46.561832	-6.329789	0.000000	
27.088223	-3.722011	308.793060	-2.135752	13.028902	4.588353	-46.530312	-6.420148	0.000000	
26.739853	-3.941853	308.095959	-2.135631	12.923218	4.653088	-46.240444	-6.401778	0.000000	
27.133115	-3.673156	307.756314	-2.180160	12.940505	4.662423	-46.405255	-6.593105	0.000000	
26.869298	-3.673392	308.627876	-2.402598	12.993075	4.699732	-46.406746	-7.295330	0.000000	
27.180462	-3.454772	310.014868	-2.357181	12.870941	4.662686	-45.852311	-7.148428	0.000000	
27.000038	-3.144303	309.323546	-2.379730	12.923233	4.681205	-46.096572	-7.282745	0.000000	
27.260361	-2.612642	310.725297	-2.580995	13.063561	4.728334	-46.379865	-7.975511	0.000000	
27.171032	-2.396057	312.810389	-2.692861	13.204531	4.710394	-46.510775	-8.311729	0.000000	
27.170516	-1.912557	314.028591	-2.605398	13.257410	4.757526	-46.500041	-8.071048	0.000000	
27.081454	-1.780931	315.425921	-2.697121	13.485367	4.851443	-47.005505	-8.345250	0.000000	
27.088953	-1.743346	319.594996	-2.788092	13.574029	4.927180	-46.675447	-8.527035	0.000000	
27.266356	-1.571546	322.551187	-2.790716	13.785258	4.965705	-46.930757	-8.481661	0.000000	
27.357958	-1.398880	324.114065	-2.526980	13.873317	5.050470	-46.990693	-7.651473	0.000000	
27.448468	-1.183864	327.938048	-2.684118	14.032177	5.070284	-46.943844	-8.071775	0.000000	
27.672346	-0.658334	331.940636	-2.731600	14.173231	5.183461	-46.837626	-8.189962	0.000000	
28.467045	-0.262068	335.077166	-2.733947	14.296675	5.240651	-46.878581	-8.174456	0.000000	
28.464526	0.262009	337.335462	-2.646869	14.472895	5.232395	-47.089182	-7.932453	0.000000	
28.904978	0.658179	339.774448	-2.758728	14.543646	5.242496	-47.020784	-8.258018	0.000000	
29.259691	1.012491	341.347133	-2.738854	14.596218	5.364284	-47.006964	-8.209094	0.000000	
29.346363	1.362177	343.258709	-2.783746	14.684597	5.336990	-47.016097	-8.340685	0.000000	
29.656221	1.493933	344.477240	-2.762248	14.702435	5.356083	-46.943656	-8.266314	0.000000	
30.237247	1.183782	347.785648	-2.854150	14.825617	5.478369	-46.930495	-8.411932	0.000000	
30.636993	1.142069	349.883406	-3.078861	14.965789	5.609530	-47.103733	-8.998637	0.000000	
30.731165	0.831212	351.622537	-3.081138	15.053639	5.703355	-47.134515	-8.920729	0.000000	
31.138140	0.255385	354.752237	-3.238312	15.089212	5.788008	-46.874168	-9.211853	0.000000	
31.585490	-0.362149	357.191976	-3.484761	15.229689	5.872622	-47.006557	-9.760769	0.000000	
31.461001	-1.115298	358.231233	-3.464558	15.317445	5.947579	-47.100418	-9.580776	0.000000	
31.425595	-1.646641	359.967718	-3.598690	15.300061	6.022361	-46.822162	-9.840426	0.000000	
31.515989	-1.913315	361.708839	-3.689856	15.493210	6.079042	-47.143825	-10.011881	0.000000	
31.652858	-2.617812	363.455002	-4.091408	15.668430	6.163308	-47.418225	-10.980864	0.000000	
31.655497	-2.794360	364.327411	-4.159674	15.756021	6.238189	-47.546278	-11.120070	0.000000	
31.132992	-3.148858	364.496151	-4.248160	15.650611	6.293681	-47.170173	-11.313565	0.000000	
31.493777	-3.903280	367.624285	-4.339751	15.844200	6.350759	-47.342966	-11.373723	0.000000	
31.408210	-4.164482	366.759239	-4.428780	15.790918	6.424853	-47.297922	-11.610849	0.000000	
31.455662	-4.434029	369.538450	-4.585575	15.949529	6.425729	-47.379922	-11.915102	0.000000	
31.412361	-4.520825	369.891597	-4.698009	16.036911	6.500423	-47.565949	-12.197087	0.000000	
31.634223	-4.655835	370.755426	-4.674874	16.002445	6.426090	-47.390155	-12.089859	0.000000	
31.940453	-4.342425	371.637843	-4.942436	16.089810	6.500864	-47.550958	-12.819506	0.000000	
32.024654	-3.946182	372.333994	-5.008483	16.125277	6.445172	-47.568236	-13.021323	0.000000	
32.060593	-3.241023	372.509231	-5.007821	16.195822	6.361537	-47.739784	-13.099368	0.000000	
32.099668	-2.887538	371.639206	-4.939928	16.160830	6.286787	-47.761330	-12.990401	0.000000	
32.360256	-2.270823	373.031819	-5.005969	16.178965	6.231290	-47.664675	-13.194173	0.000000	
32.135122	-1.876981	372.678622	-4.827891	16.214421	6.156871	-47.777231	-12.776765	0.000000	
32.344281	-0.772500	372.859660	-4.849712	16.302427	6.091952	-48.015697	-12.963564	0.000000	
32.077556	-0.337297	374.067256	-4.803767	16.268305	5.980358	-47.738252	-12.851860	0.000000	
32.553206	0.368366	375.814106	-4.937952	16.514478	5.916102	-48.230498	-13.234637	0.000000	
32.453906	1.293639	376.688480	-5.049373	16.725376	5.851439	-48.667277	-13.611318	0.000000	
32.137720	2.345711	377.372487	-4.847308	16.673917	5.683942	-48.405317	-13.177827	0.000000	
32.129709	2.961430	378.940261	-5.069169	16.849950	5.600635	-48.670105	-13.782748	0.000000	
31.727091	3.793426	380.324781	-4.980257	16.938524	5.526652	-48.679064	-13.598273	0.000000	
31.233276	4.848345	380.320825	-4.802423	17.009146	5.461679	-48.806321	-13.256725	0.000000	
31.401089	5.461096	381.707411	-4.779333	17.150609	5.294682	-49.020880	-13.221125	0.000000	
31.089041	6.031486	383.095825	-4.933822	17.168735	5.238944	-48.854850	-13.644241	0.000000	
31.257799	6.734950	384.837092	-5.022984	17.344881	5.165189	-49.113027	-13.897391	0.000000	
30.985398	7.394723	384.836617	-5.000581	17.450419	5.100165	-49.355198	-13.917011	0.000000	
31.161740	7.701198	388.493635	-5.335371	17.644042	5.138488	-49.412947	-14.684056	0.000000	
30.934884	8.227036	389.360593	-5.379497	17.767423	5.055018	-49.594150	-14.826102	0.000000	
30.710488	8.708268	390.922893	-5.468282	17.873339	4.999598	-49.642254	-15.050047	0.000000	
30.130252	9.278509	391.095642	-5.469011	18.048937	4.971936	-50.002134	-15.111465	0.000000	
29.996552	9.674002	392.660551	-5.690284	18.049386	4.944130	-49.789962	-15.660683	0.000000	
29.899343	10.160076	392.493122	-5.779943	18.259806	4.916451	-50.335919	-15.951987	0.000000	
29.324035	10.553629	393.532349	-5.956726	18.277752	4.879164	-50.183180	-16.404610	0.000000	
29.230187	10.954101	393.191762	-6.222207	18.295019	4.860192	-50.259420	-17.140200	0.000000	
28.967096	10.861471	394.052063	-6.287272	18.243036	4.776289	-49.988247	-17.257338	0.000000	
29.009169	10.732429	395.106988	-6.732617	18.435641	4.832417	-50.348037	-18.323724	0.000000	
28.300574	10.775270	393.885102	-6.819933	18.417949	4.775885	-50.376548	-18.607025	0.000000	
28.435815	10.246868	395.280442	-7.197799	18.505670	4.794675	-50.437424	-19.436789	0.000000	
28.652554	10.516267	396.163914	-7.554211	18.645616	4.860124	-50.703825	-20.324082	0.000000	
28.562695	10.077560	395.995643	-7.909402	18.768057	4.850604	-51.024117	-21.179367	0.000000	
27.861607	9.678155	396.338844	-8.109171	18.767927	4.887562	-50.899623	-21.619367	0.000000	
27.862540	9.327642	396.342476	-8.397151	18.767677	4.887243	-50.898637	-22.305621	0.000000	
28.085990	8.583497	396.178141	-8.841002	18.784548	4.933416	-50.987787	-23.349927	0.000000	
27.646523	8.145896	395.314113	-9.173999	18.801280	4.997985	-51.090318	-24.192969	0.000000	
27.742477	6.958848	394.969871	-9.550906	18.748033	5.043952	-51.010752	-25.031862	0.000000	
27.618488	5.991031	395.669425	-10.017237	18.729986	5.127396	-50.861357	-26.055256	0.000000	
27.711730	5.201792	395.853038	-10.395930	18.799375	5.239008	-51.023911	-26.909349	0.000000	
27.803178	4.282097	395.168152	-10.884355	18.833509	5.303606	-51.208608	-28.086254	0.000000	
27.500669	3.530459	396.557631	-11.261941	18.886175	5.331519	-51.128611	-28.854148	0.000000	
27.545879	2.652859	396.043713	-11.727973	18.973242	5.340372	-51.419518	-29.967662	0.000000	
27.149137	2.476745	396.395159	-11.973237	19.095703	5.396269	-51.637753	-30.539710	0.000000	
26.673843	1.548546	397.608592	-12.328589	19.078051	5.461236	-51.382593	-31.234425	0.000000	
26.319196	1.463801	397.268986	-12.684187	19.165103	5.516782	-51.604820	-32.146507	0.000000	
26.236315	0.670046	397.966751	-12.929712	19.270079	5.582099	-51.769292	-32.616650	0.000000	
25.932908	0.268767	400.745071	-13.329395	19.340836	5.582439	-51.555047	-33.342774	0.000000	
26.069416	-0.348466	403.536697	-13.798718	19.621437	5.695084	-51.911562	-34.206061	0.000000	
25.677624	-0.790388	405.803177	-14.223312	19.831698	5.835326	-52.097926	-35.012173	0.000000	
25.597060	-1.282891	409.622767	-14.403074	20.008086	5.873713	-52.037129	-35.070445	0.000000	
25.333168	-1.723893	411.541368	-15.025001	20.183530	5.883150	-52.193396	-36.369758	0.000000	
25.026982	-2.125044	414.327254	-15.273494	20.569595	5.996148	-52.743089	-36.681358	0.000000	
24.329119	-2.395119	416.930117	-15.541091	20.622559	6.080323	-52.467098	-37.065102	0.000000	
24.200245	-2.709223	420.058732	-15.765501	20.868768	6.118633	-52.651174	-37.289711	0.000000	
23.981440	-2.713974	423.362495	-16.078056	21.079928	6.147493	-52.718387	-37.736871	0.000000	
23.800636	-2.580335	424.940178	-16.458691	21.430450	6.241388	-53.329542	-38.506966	0.000000	
23.231513	-2.588939	428.758308	-16.704425	21.606853	6.260968	-53.208982	-38.736730	0.000000	
22.881508	-2.419466	432.929955	-16.951377	21.853283	6.327443	-53.232214	-38.952146	0.000000	
22.569172	-1.940543	437.280071	-17.331644	22.240132	6.347551	-53.558441	-39.484481	0.000000	
21.818507	-1.552436	440.402937	-17.488571	22.469125	6.339174	-53.623780	-39.601187	0.000000	
21.547719	-1.159047	443.539337	-17.890803	22.873124	6.349673	-54.130246	-40.268639	0.000000	
20.976676	-0.594155	447.707599	-18.048124	23.032051	6.397382	-53.926677	-40.302866	0.000000	
21.191744	0.196684	452.761792	-18.473631	23.453931	6.455119	-54.282015	-40.872615	0.000000	
20.573711	0.627130	457.450213	-18.720119	23.771083	6.447268	-54.361302	-41.035773	0.000000	
20.574321	0.838415	463.536389	-19.057064	24.211085	6.477359	-54.601502	-41.245235	0.000000	
20.264365	1.453725	467.198209	-19.372150	24.544546	6.637042	-54.859964	-41.656556	0.000000	
19.780161	1.928861	472.408323	-19.706561	24.774079	6.619762	-54.698200	-41.951230	0.000000	
19.818757	2.630149	477.285456	-20.131647	25.196046	6.649449	-55.030669	-42.480395	0.000000	
19.338946	2.664634	482.847737	-20.446566	25.547953	6.753667	-55.084538	-42.647072	0.000000	
19.559577	3.276653	489.465050	-20.873444	25.987609	6.877094	-55.263330	-43.000079	0.000000	
19.516347	3.492720	493.991152	-21.254060	26.304102	6.953067	-55.396961	-43.396909	0.000000	
19.035073	3.531768	498.342726	-21.657815	26.637789	7.103441	-55.542092	-43.832157	0.000000	
18.680223	3.880227	502.697872	-22.106023	27.076887	7.207445	-55.905424	-44.375924	0.000000	
18.510950	4.181537	508.609693	-22.398185	27.288474	7.339527	-55.660647	-44.462034	0.000000	
17.806716	4.441937	511.566106	-22.799169	27.446722	7.405261	-55.587886	-45.012315	0.000000	
17.721418	4.613226	517.137142	-23.291455	27.798380	7.518720	-55.665399	-45.494933	0.000000	
17.326634	4.434976	520.276276	-23.739735	28.166649	7.678144	-56.005075	-46.066808	0.000000	
17.195128	4.609387	524.458572	-24.275530	28.465243	7.781762	-56.119253	-46.736564	0.000000	
16.931535	4.608808	527.251046	-24.678931	28.780848	7.931756	-56.399807	-47.254354	0.000000	
16.449111	4.779729	530.902032	-25.013942	28.974433	7.997862	-56.337784	-47.575374	0.000000	
16.365288	4.605188	534.221422	-25.551303	29.272216	8.222402	-56.540230	-48.271127	0.000000	
15.664761	4.291912	537.351038	-26.041532	29.465447	8.306771	-56.513428	-48.876128	0.000000	
14.783321	4.198372	539.261106	-26.353934	29.693723	8.344461	-56.663638	-49.274631	0.000000	
14.167083	4.066976	541.182781	-26.977168	29.886295	8.456371	-56.767847	-50.240437	0.000000	
13.463986	3.795808	543.962686	-27.268558	30.184886	8.522447	-56.969803	-50.496997	0.000000	
12.586629	3.836608	546.920650	-27.758842	30.325262	8.653229	-56.847464	-51.123996	0.000000	
11.657557	3.831342	549.357393	-28.183744	30.746489	8.709974	-57.286887	-51.670471	0.000000	
10.465416	3.734914	551.612052	-28.540737	31.080258	8.710572	-57.561168	-52.098727	0.000000	
9.492504	4.259294	555.094566	-29.032101	31.431404	8.804685	-57.755309	-52.700260	0.000000	
8.391902	4.208253	558.048696	-29.412457	31.747431	8.898616	-57.928243	-53.098981	0.000000	
6.974563	4.682463	560.648309	-29.680544	32.134219	8.852883	-58.236437	-53.369573	0.000000	
5.691964	4.897251	561.860969	-30.058304	32.344953	8.834288	-58.382962	-53.944185	0.000000	
4.632369	5.156979	563.948716	-30.349849	32.643183	8.937400	-58.611687	-54.282546	0.000000	
3.484672	5.499201	567.766486	-30.684769	32.959939	8.938415	-58.686108	-54.535129	0.000000	
2.421313	5.978955	570.551542	-31.131480	33.346139	8.995140	-58.993672	-55.090286	0.000000	
1.049048	6.584680	573.670270	-31.420767	33.645512	8.921392	-59.088168	-55.343267	0.000000	
-0.144242	6.972724	578.193405	-31.891847	34.189871	9.034746	-59.476517	-55.755927	0.000000	
-0.809120	7.495350	581.147347	-32.137710	34.453801	9.035654	-59.578232	-55.936665	0.000000	
-2.401575	8.105100	583.405332	-32.495311	34.804897	9.092137	-59.826928	-56.380761	0.000000	
-3.237968	8.140698	587.403548	-32.788237	35.226493	9.196039	-60.075229	-56.498776	0.000000	
-4.472737	8.747749	592.441262	-33.300692	35.508265	9.234371	-59.948425	-56.930280	0.000000	
-5.315487	9.271130	595.402216	-33.527537	35.999669	9.347568	-60.413152	-57.068310	0.000000	
-6.241459	9.305371	599.222389	-33.841323	36.386448	9.376753	-60.605602	-57.231060	0.000000	
-7.256449	10.136413	603.397572	-34.155904	36.702707	9.517724	-60.636483	-57.419268	0.000000	
-8.401965	10.086310	605.829378	-34.601649	36.948524	9.574017	-60.714444	-57.920995	0.000000	
-9.724449	10.470342	610.691216	-34.872413	37.405633	9.659492	-60.884131	-57.932196	0.000000	
-10.870380	10.637304	615.037846	-35.232629	37.897398	9.791446	-61.171360	-58.121136	0.000000	
-11.401648	11.032519	619.224048	-35.880542	38.318488	9.941712	-61.401307	-58.803857	0.000000	
-12.276620	11.020482	625.305481	-36.218492	38.723045	10.083325	-61.391067	-58.772035	0.000000	
-13.599034	11.539987	630.173351	-36.644715	39.144698	10.224485	-61.493444	-59.032210	0.000000	
-14.476633	11.751681	635.388660	-37.070395	39.478777	10.356327	-61.454717	-59.233162	0.000000	
-15.046898	12.140190	641.477549	-37.497181	39.900705	10.507300	-61.492157	-59.364212	0.000000	
-15.533266	13.059179	647.744823	-37.902283	40.375255	10.667818	-61.599167	-59.480123	0.000000	
-16.681083	14.022637	652.094691	-38.283395	40.691485	10.818084	-61.595685	-59.735199	0.000000	
-16.900462	14.720877	659.405163	-38.865094	41.113749	10.941352	-61.542019	-60.003729	0.000000	
-17.298652	15.593522	666.017932	-39.137890	41.658764	11.092947	-61.725692	-59.877533	0.000000	
-17.160765	16.555077	674.889461	-39.652144	41.906195	11.216414	-61.294870	-59.917754	0.000000	
-17.074271	17.696778	682.554955	-40.190855	42.398469	11.395979	-61.337461	-60.110591	0.000000	
-16.456262	18.752163	691.268810	-40.796834	42.890806	11.613145	-61.321550	-60.299418	0.000000	
-15.616736	19.984045	699.805659	-41.290137	43.207993	11.783483	-61.085535	-60.349268	0.000000	
-15.134499	21.256796	708.510844	-41.915466	43.613326	11.841994	-60.942357	-60.572538	0.000000	
-14.604694	22.314765	715.658069	-42.519194	43.912417	12.021057	-60.788809	-60.878810	0.000000	
-13.542000	23.283568	724.021280	-43.034314	44.159320	12.200542	-60.498379	-60.948390	0.000000	
-13.145704	24.471469	732.037802	-43.661082	44.563911	12.379998	-60.417020	-61.211354	0.000000	
-12.388571	25.040811	740.743983	-44.264938	44.828473	12.550099	-60.114652	-61.342605	0.000000	
-11.814470	26.230959	748.935748	-45.045761	45.110302	12.719933	-59.872115	-61.786909	0.000000	
-10.886533	26.892478	756.606511	-45.738511	45.462137	12.880590	-59.789399	-62.116292	0.000000	
-9.865296	27.421729	766.020756	-46.544465	45.884062	13.162887	-59.670283	-62.437010	0.000000	
-9.149481	27.424107	772.821100	-47.369273	46.024814	13.387887	-59.372520	-62.955459	0.000000	
-8.481030	27.249207	778.920900	-48.280811	46.148294	13.482092	-59.107833	-63.622912	0.000000	
-7.676311	27.165004	786.247830	-49.239890	46.358994	13.763166	-58.874767	-64.245450	0.000000	
-6.602169	26.596552	793.223343	-50.219413	46.394336	14.006526	-58.466176	-64.883265	0.000000	
-5.482739	25.454770	799.153978	-51.110566	46.482068	14.240490	-58.208290	-65.452405	0.000000	
-4.280441	24.668812	805.615940	-52.290465	46.674915	14.474545	-58.051364	-66.348119	0.000000	
-2.980575	23.355839	811.555210	-53.403902	46.674306	14.810667	-57.701074	-67.161476	0.000000	
-1.858260	21.556364	815.921557	-54.514817	46.603630	15.015678	-57.370008	-68.063780	0.000000	
-1.047861	20.199926	818.899486	-55.492898	46.514902	15.266977	-57.099242	-68.935651	0.000000	
0.071058	19.059821	823.785782	-56.382449	46.479695	15.463139	-56.781581	-69.544073	0.000000	
1.190432	17.482641	828.332215	-57.583284	46.514050	15.705611	-56.574690	-70.525927	0.000000	
2.490311	15.951045	832.178924	-58.670731	46.250214	15.928802	-56.068677	-71.423366	0.000000	
3.339692	14.724369	836.024760	-59.759419	46.302401	16.078008	-55.920926	-72.330663	0.000000	
4.762859	13.812935	839.530911	-60.979270	46.108729	16.235949	-55.535122	-73.432537	0.000000	
6.285507	12.012778	844.417494	-61.868882	45.985646	16.469272	-55.151888	-73.964640	0.000000	
7.442548	10.967056	846.349404	-62.931457	45.704391	16.524237	-54.756545	-74.995320	0.000000	
9.307897	9.746819	848.633544	-63.817929	45.440623	16.635570	-54.399076	-75.772925	0.000000	
10.957136	8.127482	851.958918	-64.838380	45.229564	16.784342	-54.028266	-76.588862	0.000000	
11.764356	6.819712	853.549181	-66.057903	45.000093	16.969503	-53.702351	-77.805486	0.000000	
12.793437	5.461311	856.521230	-66.967701	44.859314	17.099667	-53.407414	-78.525900	0.000000	
14.088031	4.238770	858.801185	-67.832352	44.577896	17.257437	-53.007308	-79.259760	0.000000	
15.640469	3.280897	861.084102	-68.697108	44.437054	17.341029	-52.785986	-80.003533	0.000000	
16.896262	1.486868	862.320457	-69.539592	44.067405	17.554247	-52.348247	-80.771465	0.000000	
18.009404	0.178029	862.338328	-70.424221	43.733077	17.608748	-52.018061	-81.726750	0.000000	
19.081469	-1.132058	863.751141	-71.267755	43.556517	17.794438	-51.785484	-82.500904	0.000000	
19.890806	-2.444970	863.932280	-71.951704	43.064676	17.839461	-51.247917	-83.206307	0.000000	
21.226094	-3.403901	866.211572	-72.727638	42.836097	17.960182	-50.920088	-83.833028	0.000000	
22.507004	-3.963165	865.187654	-73.235784	42.607101	17.977838	-50.782451	-84.490166	0.000000	
23.613716	-3.992504	864.508670	-73.830183	42.097610	17.985560	-50.290822	-85.242500	0.000000	
25.253225	-4.684129	864.704112	-74.229266	41.868632	18.106235	-50.100791	-85.648466	0.000000	
27.247278	-5.854637	862.990808	-74.781263	41.428481	18.197927	-49.794399	-86.396473	0.000000	
29.191433	-5.834365	861.623694	-75.286478	40.813478	18.214878	-49.261487	-87.120895	0.000000	
30.130741	-7.186569	859.377086	-75.749605	40.338267	18.324817	-48.885978	-87.816007	0.000000	
31.988430	-8.050449	856.612225	-76.121653	39.793339	18.285721	-48.504910	-88.487834	0.000000	
34.155513	-8.734098	854.554280	-76.562665	39.335657	18.377501	-48.200389	-89.180569	0.000000	
35.006965	-10.131481	851.606929	-76.913582	38.772846	18.440574	-47.750477	-89.826627	0.000000	
36.167753	-11.568962	849.192460	-77.399809	38.314786	18.615769	-47.407871	-90.577623	0.000000	
37.358704	-11.777812	848.335021	-77.883233	37.946065	18.521362	-47.084508	-91.227798	0.000000	
38.247555	-12.068723	845.573144	-78.235447	37.435472	18.668526	-46.681008	-91.926531	0.000000	
37.906900	-13.342074	844.360267	-78.634648	37.258775	18.816384	-46.519972	-92.462840	0.000000	
37.595579	-12.497246	843.326779	-78.855166	37.047451	18.899277	-46.309207	-92.883045	0.000000	
38.252596	-11.960297	841.943487	-78.940721	36.784057	18.833236	-46.107287	-93.166130	0.000000	
38.469343	-11.817102	838.824321	-79.181426	36.502272	18.813018	-45.953215	-93.807083	0.000000	
38.291404	-11.325892	836.740502	-79.267098	36.185859	18.811707	-45.678968	-94.169607	0.000000	
40.004092	-10.469581	835.206367	-79.443877	35.991692	18.895067	-45.622819	-94.600684	0.000000	
40.936718	-11.298941	833.646872	-79.618415	35.657812	18.875338	-45.357774	-94.941768	0.000000	
41.070490	-11.246996	832.262545	-79.925972	35.341363	18.883349	-45.059696	-95.471979	0.000000	
42.918135	-11.052271	829.328569	-80.121482	34.936884	18.826103	-44.831253	-96.055959	0.000000	
44.018484	-11.170824	827.086927	-80.341747	34.742785	18.853121	-44.777503	-96.575970	0.000000	
44.595117	-11.118276	825.875531	-80.537679	34.321303	18.842544	-44.364006	-96.957682	0.000000	
45.817055	-10.573925	822.940700	-80.822604	34.162507	18.729668	-44.395388	-97.679531	0.000000	
47.093929	-10.916242	822.609179	-81.242460	34.074388	18.682666	-44.376471	-98.210383	0.000000	
47.273540	-11.702238	820.703636	-81.617608	33.898011	18.690741	-44.273703	-98.851929	0.000000	
47.531138	-11.561209	819.324890	-82.125136	33.809701	18.615190	-44.254095	-99.645449	0.000000	
47.670231	-12.566091	816.724272	-82.455960	33.545219	18.678843	-44.077774	-100.311795	0.000000	
47.536168	-13.752710	814.119020	-82.787593	33.632104	18.603372	-44.316938	-100.973833	0.000000	
47.087581	-13.879193	811.865280	-83.317272	33.613804	18.508894	-44.391354	-101.899345	0.000000	
45.855062	-14.807942	810.815134	-83.737912	33.683518	18.480019	-44.465372	-102.498052	0.000000	
45.235830	-15.687342	808.556747	-84.092303	33.787886	18.451138	-44.682892	-103.173133	0.000000	
44.740409	-15.948451	806.127254	-84.490049	33.945139	18.329121	-44.983662	-103.962623	0.000000	
43.287172	-17.055981	804.028153	-84.666959	34.049909	18.281607	-45.148441	-104.391414	0.000000	
42.619561	-17.798929	799.685785	-85.041929	34.066047	18.214706	-45.373958	-105.384721	0.000000	
41.251054	-18.640465	797.064136	-85.305091	34.048199	18.073553	-45.421705	-106.013420	0.000000	
40.591778	-19.832208	795.841984	-85.681125	34.117994	18.007537	-45.541010	-106.580672	0.000000	
39.269383	-21.025982	793.572002	-86.012650	34.222675	17.931889	-45.726536	-107.234879	0.000000	
39.043478	-21.907475	791.307827	-86.276369	34.310278	17.744740	-45.954105	-107.824274	0.000000	
38.736668	-23.232522	790.255966	-86.628800	34.327905	17.585573	-46.019481	-108.337589	0.000000	
38.157529	-23.721175	789.553482	-86.915431	34.486091	17.408194	-46.227165	-108.768871	0.000000	
38.282630	-24.205408	788.333912	-87.244787	34.521467	17.174643	-46.350207	-109.326967	0.000000	
38.094641	-23.987648	787.281659	-87.417690	34.522312	16.866626	-46.401916	-109.705197	0.000000	
37.118551	-24.698655	786.054367	-87.682553	34.750543	16.689174	-46.707797	-110.172300	0.000000	
36.980821	-25.011438	785.870907	-87.857102	34.803969	16.456028	-46.778645	-110.402051	0.000000	
36.792441	-25.146394	783.772580	-88.006883	34.787201	16.091772	-46.870627	-110.880772	0.000000	
36.039091	-25.459111	783.239590	-88.358082	34.752625	15.885967	-46.814477	-111.386462	0.000000	
35.987626	-25.947917	782.359863	-88.531971	34.823591	15.596781	-46.954441	-111.705556	0.000000	
35.758247	-26.084541	781.826150	-88.793376	34.824624	15.270137	-46.974255	-112.108198	0.000000	
35.750168	-26.135668	782.858124	-88.924024	34.983890	14.991020	-47.115775	-112.124404	0.000000	
35.698193	-26.313448	783.028043	-89.386365	35.037240	14.739051	-47.170748	-112.680231	0.000000	
35.423933	-27.070428	781.444241	-89.492379	35.143665	14.328585	-47.385891	-113.000199	0.000000	
35.415272	-27.383383	781.958054	-89.866225	35.285091	14.030391	-47.535347	-113.385906	0.000000	
35.186610	-27.741107	781.773385	-90.151046	35.391320	13.731982	-47.669098	-113.756234	0.000000	
35.093834	-28.098923	782.455797	-90.545357	35.339977	13.414740	-47.556834	-114.140251	0.000000	
34.954718	-28.502579	783.311164	-90.918117	35.411593	13.069853	-47.588656	-114.468154	0.000000	
34.854969	-29.168243	783.479061	-91.447687	35.710771	12.734426	-47.954614	-115.080992	0.000000	
34.457872	-30.012313	784.159638	-91.887305	35.694267	12.472995	-47.869271	-115.492921	0.000000	
34.230880	-30.636228	784.320328	-92.172388	35.835730	12.165416	-48.026764	-115.796641	0.000000	
33.696414	-31.570775	784.824643	-92.656237	35.977377	11.811028	-48.145703	-116.284721	0.000000	
33.689575	-32.458207	784.114520	-92.939897	36.048669	11.437889	-48.279508	-116.700374	0.000000	
33.421631	-33.431145	783.932970	-93.469040	36.136921	11.195061	-48.387669	-117.346041	0.000000	
33.324687	-34.144008	783.916659	-93.797045	36.261181	10.784873	-48.541566	-117.725624	0.000000	
33.454636	-35.075988	784.598961	-94.104115	36.332576	10.486621	-48.598177	-117.960749	0.000000	
33.229449	-36.490579	782.325258	-94.366254	36.420702	10.168978	-48.837966	-118.556438	0.000000	
32.605831	-37.333327	780.047238	-94.604734	36.386249	9.823069	-48.899098	-119.159204	0.000000	
32.647369	-38.616330	778.813456	-94.931625	36.317042	9.449447	-48.889558	-119.692849	0.000000	
32.557092	-40.031374	776.536355	-95.082016	36.282536	9.122376	-48.982166	-120.154642	0.000000	
32.414835	-40.561140	772.697940	-95.120044	36.160077	8.757564	-49.056881	-120.769359	0.000000	
32.459407	-42.239701	769.201794	-95.092454	36.020058	8.439487	-49.098835	-121.183125	0.000000	
32.012940	-43.212444	764.835097	-95.041658	35.844862	8.093092	-49.121567	-121.750567	0.000000	
32.314326	-44.224730	759.781746	-94.880709	35.704437	7.765536	-49.279094	-122.287689	0.000000	
32.355300	-45.322998	753.337122	-94.608618	35.405493	7.521211	-49.303266	-122.906044	0.000000	
32.124497	-46.158569	744.974791	-94.025443	35.176727	7.192946	-49.531562	-123.451371	0.000000	
31.817582	-47.036622	735.908647	-93.305794	34.403994	6.919387	-49.068424	-123.939562	0.000000	
31.808691	-47.954315	724.418353	-92.454988	33.928679	6.627386	-49.184387	-124.672644	0.000000	
31.048948	-52.447020	710.996784	-91.252046	33.030670	6.734762	-48.794603	-125.046423	0.000000	
30.872543	-54.470164	696.530995	-90.020037	32.187075	6.320410	-48.577967	-125.741757	0.000000	
29.185097	-54.422465	680.148122	-88.476307	31.237920	5.933351	-48.231386	-126.502788	0.000000	
29.534367	-55.150299	663.108078	-86.895033	30.409308	5.947621	-48.235981	-127.317794	0.000000	
27.157837	-57.537774	642.868658	-84.618374	29.319630	5.503848	-47.880577	-127.614565	0.000000	
26.155700	-60.258555	620.749285	-82.499638	28.034667	5.394840	-47.430756	-128.547950	0.000000	
24.830845	-61.789114	595.316928	-79.998811	26.539517	5.042624	-46.829306	-129.719909	0.000000	
22.979738	-63.450758	568.843496	-77.411229	25.078649	4.839246	-46.276305	-131.073150	0.000000	
19.945114	-66.137952	539.208784	-74.155819	23.460201	4.513964	-45.543117	-132.010503	0.000000	
15.933007	-67.855845	507.130761	-70.785542	21.596064	4.075632	-44.366458	-133.557943	0.000000	
12.176754	-68.952784	473.327222	-66.931789	20.046842	3.777918	-43.876323	-134.845575	0.000000	
6.208025	-68.474810	439.672244	-62.985217	18.340835	3.311780	-42.711279	-136.236698	0.000000	
3.710714	-66.420484	402.250739	-58.642801	16.491891	3.153282	-41.773348	-138.342624	0.000000	
-0.410756	-61.293682	359.225986	-53.269156	14.434594	2.313413	-40.486188	-140.594775	0.000000	
-4.631846	-54.534996	318.302347	-47.833566	12.745775	1.605473	-39.738081	-142.551268	0.000000	
-11.176694	-49.415781	273.532623	-42.089204	11.073039	1.063995	-38.982549	-145.723486	0.000000	
-16.523907	-40.985247	229.998065	-36.320890	9.717583	0.207107	-39.345347	-149.880658	0.000000	
-19.099038	-36.292916	191.532254	-31.049310	8.501332	-0.182212	-40.215364	-153.560099	0.000000	
-22.654301	-26.110945	159.115028	-26.381770	7.168802	-1.717146	-38.947351	-158.405416	0.000000	
-25.005926	-15.823408	126.038570	-21.433565	5.763463	-2.664661	-37.078081	-164.407975	0.000000	
-19.812926	-3.926705	92.920803	-16.389432	4.264836	-2.538596	-36.574950	-174.513346	0.000000	
-21.130235	-1.382435	66.226278	-11.445571	3.001892	-3.465695	-31.201292	-171.928539	0.000000	
-25.078476	4.490100	48.037450	-7.344924	2.461584	-4.697997	-27.902370	-157.193374	0.000000	
-24.808319	9.504627	26.676866	-4.060440	1.701867	-4.403059	-21.940685	-168.430874	0.000000	
-12.784868	8.298676	3.900417	-0.972640	0.425236	-2.616016	39.400820	-345.991963	0.000000	
0.757194	0.340976	-13.321817	1.487372	-0.886900	-0.436833	-64.350710	-110.538376	0.000000	
3.766266	4.771930	-14.503039	1.913980	-1.272345	-0.632231	-76.297964	-117.087149	0.000000	
0.353722	3.671913	-5.692269	2.262099	-0.813309	-0.489782	-140.414711	-368.169722	0.000000	
-2.467011	2.592211	-2.945019	1.488341	-0.530962	-0.760320	-218.669752	-465.474520	0.000000	
0.595598	0.561920	-6.875741	0.707298	-0.904312	-0.128550	-127.945879	-99.209980	0.000000	
2.062268	-2.161022	-8.604899	0.044434	-1.063102	-0.204335	-113.023490	-16.613731	0.000000	
-0.098136	-2.098518	-6.391576	0.292168	-1.025389	-0.530146	-161.480639	-60.664789	0.000000	
-0.235154	-0.507041	-6.726666	0.710097	-0.991084	-0.296699	-149.278891	-109.036655	0.000000	
1.119784	1.305850	-7.589780	1.333178	-1.183479	-0.398752	-149.589441	-167.895623	0.000000	
0.571823	2.442552	-6.731694	1.423328	-0.848591	-0.696028	-122.559047	-195.018226	0.000000	
-0.779807	1.250248	-6.730819	1.285017	-0.709721	-0.351468	-111.057778	-182.535078	0.000000	
-0.303800	1.567018	-8.806787	1.087759	-0.780398	-0.445409	-90.534636	-115.488215	0.000000	
0.858731	-0.059194	-6.537745	0.554911	-0.903385	-0.352245	-132.573505	-85.339884	0.000000	
0.596841	0.160905	-6.016062	0.554361	-0.956116	-0.277727	-154.779817	-90.983577	0.000000	
-0.058342	-0.641648	-6.557669	0.843597	-0.990684	-0.352392	-151.831943	-133.134868	0.000000	
0.813589	0.242586	-7.251671	1.090134	-1.077778	-0.519976	-143.887916	-148.861076	0.000000	
0.328286	0.642595	-8.809657	1.309412	-1.043783	-0.333789	-117.145917	-145.373703	0.000000	
-0.207461	1.076016	-6.032585	1.020553	-0.761999	-0.444735	-128.230381	-161.128175	0.000000	
-0.337839	0.813091	-6.378159	0.887365	-0.779909	-0.407769	-125.037847	-133.390027	0.000000	
0.499465	0.643009	-7.586841	0.954186	-0.850536	-0.398633	-109.474224	-121.972412	0.000000	
0.857475	0.422141	-6.196279	0.887643	-0.920398	-0.379780	-142.614797	-140.212752	0.000000	
0.414315	-0.065619	-7.245521	0.843845	-0.815138	-0.463877	-110.262485	-116.926194	0.000000	
0.070602	-0.419248	-7.598920	0.954908	-1.008407	-0.371172	-132.637869	-128.218665	0.000000	
0.459506	0.377459	-7.941626	0.978415	-1.043318	-0.445725	-129.102642	-121.094236	0.000000	
0.102563	0.331374	-7.417373	0.843278	-0.762680	-0.435913	-102.551383	-111.712612	0.000000	
0.193852	0.551797	-8.116293	1.198364	-0.920638	-0.389422	-112.702294	-144.614103	0.000000	
0.108407	0.638624	-7.250732	1.110829	-1.043093	-0.408209	-143.537331	-149.255312	0.000000	
0.414253	0.596220	-7.420640	1.066312	-0.972960	-0.436033	-128.937179	-140.099287	0.000000	
0.417229	0.201231	-6.717938	0.842378	-0.850609	-0.333338	-124.154186	-124.083528	0.000000	
0.198695	0.155136	-7.247757	0.933025	-1.008259	-0.389684	-138.224568	-127.812217	0.000000	
0.327033	0.332899	-7.768179	0.889809	-1.025746	-0.455091	-130.489264	-112.651045	0.000000	
0.239252	0.376450	-6.895923	0.821721	-0.920532	-0.398824	-132.270056	-116.733425	0.000000	
0.590325	0.508193	-6.373618	0.910114	-0.867595	-0.426349	-132.274473	-139.225712	0.000000	
0.369625	0.513159	-7.931586	0.821181	-0.921139	-0.343134	-114.375856	-100.647223	0.000000	
0.327704	0.419485	-6.896543	1.020267	-0.867877	-0.370522	-124.041189	-145.228897	0.000000	
0.371072	0.508674	-6.373567	0.799594	-0.920357	-0.407993	-142.115179	-121.882942	0.000000	
0.150864	0.199116	-8.465571	1.110274	-0.938234	-0.417626	-110.376102	-130.134886	0.000000	
0.199312	0.066927	-7.421100	0.998851	-0.973304	-0.361631	-130.290193	-134.237519	0.000000	
0.418055	0.331905	-7.073160	0.977641	-1.025648	-0.408204	-142.678549	-136.139375	0.000000	
0.504342	0.332972	-6.022627	0.754153	-0.850310	-0.370502	-137.740463	-122.761206	0.000000	
0.367159	0.422899	-7.410909	0.776318	-0.780511	-0.389352	-103.426082	-102.214044	0.000000	
0.503706	0.508396	-5.850969	0.799078	-0.885168	-0.398434	-147.733719	-132.678830	0.000000	
0.369739	0.420998	-6.893615	0.843313	-0.850384	-0.398617	-121.279285	-119.611313	0.000000	
0.500076	0.557163	-7.406817	0.797866	-0.798289	-0.333411	-105.068671	-104.356907	0.000000	
0.459608	0.377337	-8.114579	1.088298	-0.990829	-0.408266	-119.889538	-132.056549	0.000000	
0.150416	0.506856	-6.898522	0.976533	-0.885313	-0.398603	-127.699583	-138.272664	0.000000	
0.241149	0.331794	-7.768857	1.087919	-0.990807	-0.380278	-126.482446	-138.148228	0.000000	
0.415566	0.375089	-6.199328	0.930991	-0.797591	-0.370270	-125.970512	-147.480670	0.000000	
0.330465	0.594864	-5.681844	0.910397	-0.990290	-0.379898	-172.005954	-155.527816	0.000000	
0.549436	0.377787	-6.196197	0.798632	-0.903024	-0.351959	-142.069133	-126.173955	0.000000	
0.590122	0.510754	-7.589719	0.933280	-0.973197	-0.426857	-125.052068	-119.962552	0.000000	
0.550396	0.464400	-6.374700	0.976627	-0.972989	-0.370599	-149.069604	-149.947701	0.000000	
0.637294	0.288156	-6.374045	0.888066	-0.920305	-0.407844	-140.200625	-137.324255	0.000000	
-0.111237	0.150971	-7.254582	1.066058	-0.937756	-0.436071	-130.315572	-146.055801	0.000000	
0.282336	0.376868	-8.288423	1.087857	-0.938297	-0.398925	-112.015165	-129.237117	0.000000	
0.107483	0.553292	-7.941805	0.999963	-1.043501	-0.389868	-131.134774	-122.799911	0.000000	
0.067510	0.286244	-7.075271	1.043305	-1.008251	-0.352274	-142.426056	-145.672370	0.000000	
0.329623	0.198998	-7.771178	1.066592	-1.025705	-0.426955	-130.418750	-136.138179	0.000000	
0.197819	0.462743	-6.202873	0.932006	-0.937896	-0.361298	-150.111589	-146.918562	0.000000	
0.550588	0.199280	-5.676741	0.842262	-0.832662	-0.351640	-142.632857	-146.828109	0.000000	
0.371438	0.377505	-8.288721	1.066339	-1.008432	-0.408392	-119.984756	-126.632929	0.000000	
0.196624	0.332027	-7.593514	1.021073	-0.955771	-0.370921	-125.047096	-132.532581	0.000000	
0.722455	0.336271	-7.584722	0.843609	-0.903304	-0.389500	-115.127408	-109.263168	0.000000	
0.460112	0.378023	-6.716873	0.864550	-0.850599	-0.333295	-123.882448	-126.209473	0.000000	
0.110188	0.287048	-7.596723	1.043884	-1.025845	-0.380390	-134.735025	-135.748118	0.000000	
0.501521	0.597089	-6.720632	0.910231	-0.885278	-0.417173	-128.693905	-131.456483	0.000000	
0.456591	0.421878	-6.716370	0.776168	-0.780291	-0.389153	-113.447448	-112.763285	0.000000	
0.413831	0.596902	-7.243064	1.042866	-0.885443	-0.389231	-120.009289	-140.291578	0.000000	
-0.066360	0.285863	-7.251826	0.911855	-1.060697	-0.427155	-147.037193	-124.002994	0.000000	
0.502080	0.158081	-7.412967	0.798894	-0.833070	-0.398738	-109.661470	-106.852635	0.000000	
0.326408	0.244076	-7.068690	0.865333	-0.832876	-0.398620	-116.085734	-120.901316	0.000000	
0.681122	0.243783	-5.850377	0.842753	-0.832575	-0.388925	-137.382562	-142.210421	0.000000	
0.326666	0.332659	-6.719834	0.798860	-0.850399	-0.389315	-124.699646	-116.684735	0.000000	
0.723699	0.510808	-6.368553	0.843048	-0.885449	-0.370507	-134.232264	-128.786941	0.000000	
0.546396	0.378560	-7.066280	0.777623	-0.920586	-0.417474	-127.124519	-107.666118	0.000000	
0.107225	0.466187	-7.937735	0.954385	-0.956059	-0.343138	-120.187326	-117.618906	0.000000	
0.152114	0.417813	-6.900973	1.043219	-0.920324	-0.398612	-132.716576	-148.472601	0.000000	
0.242913	0.287863	-7.420045	1.065216	-0.990872	-0.342938	-132.409571	-141.849172	0.000000	
0.502973	0.421086	-6.719611	0.887552	-0.867879	-0.389210	-126.114261	-129.290329	0.000000	
0.636693	0.424062	-6.888246	0.842676	-0.903348	-0.324107	-127.303488	-119.591884	0.000000	
0.417999	0.464473	-6.024138	0.908890	-0.885438	-0.323834	-144.187803	-147.425861	0.000000	
0.241120	0.374674	-6.550854	0.954296	-0.920378	-0.379958	-139.182376	-143.129747	0.000000	
0.592374	0.378042	-7.066392	0.953927	-0.903139	-0.361325	-124.358169	-132.617388	0.000000	
0.329205	0.419036	-7.423748	1.088853	-1.043112	-0.426869	-138.852900	-144.160416	0.000000	
0.329746	0.242849	-7.422894	1.044137	-1.008115	-0.417531	-134.150849	-139.230266	0.000000	
0.368401	0.466122	-8.287939	0.934070	-0.990774	-0.464405	-117.882125	-110.200368	0.000000	
0.374002	0.330975	-6.898694	1.065061	-0.937986	-0.370616	-133.860643	-152.259048	0.000000	
0.197953	0.107531	-7.252501	1.198222	-0.902723	-0.407824	-123.587220	-164.592757	0.000000	
0.194331	0.330910	-7.593253	1.086706	-0.832918	-0.379912	-108.885757	-141.187365	0.000000	
0.326524	0.333635	-6.718350	0.710406	-0.868014	-0.389445	-127.350057	-103.537891	0.000000	
0.724076	0.332762	-6.197421	0.865224	-0.850174	-0.398331	-132.234409	-137.223923	0.000000	
0.285233	0.198404	-7.249763	0.955884	-1.008009	-0.445551	-137.610071	-130.658928	0.000000	
0.373814	0.197931	-6.899815	1.065010	-0.902830	-0.389187	-128.744955	-153.102132	0.000000	
0.109788	0.374091	-7.249363	1.109760	-0.973103	-0.370797	-133.901161	-150.792339	0.000000	
0.284859	0.329603	-6.902128	1.043795	-0.955289	-0.426614	-136.887362	-149.111190	0.000000	
-0.022567	0.329958	-7.423175	1.087416	-0.955668	-0.361545	-129.234731	-144.522644	0.000000	
0.242542	0.065936	-7.073857	0.998620	-0.920505	-0.380059	-128.927010	-140.798192	0.000000	
0.503775	-0.019535	-6.892012	0.798122	-0.780365	-0.379865	-110.265290	-115.983344	0.000000	
0.590784	0.422103	-6.718145	0.821343	-0.885445	-0.398614	-128.163144	-119.456417	0.000000	
0.327991	0.289803	-8.113309	0.977339	-0.990991	-0.389781	-120.664516	-118.890722	0.000000	
0.589123	0.510735	-7.238296	0.931551	-0.832993	-0.379877	-111.742704	-125.545659	0.000000	
0.506170	0.420842	-6.025177	0.821406	-0.955470	-0.370650	-155.122043	-133.209439	0.000000	
0.329433	0.375737	-7.419540	1.131375	-0.938176	-0.352050	-124.786955	-150.238098	0.000000	
0.678276	0.465958	-6.542845	0.886966	-0.815275	-0.379689	-120.255820	-132.381048	0.000000	
0.591047	0.554221	-6.194409	0.842420	-0.832848	-0.351745	-130.476304	-131.986594	0.000000	
0.241629	0.374682	-6.900642	0.999424	-0.990518	-0.398786	-142.306278	-142.416935	0.000000	
0.066518	0.371919	-6.906249	1.154749	-1.007854	-0.408024	-145.852106	-164.809983	0.000000	
0.503399	0.422278	-7.765123	0.955606	-1.008335	-0.417659	-127.267384	-120.646346	0.000000	
0.369978	0.420453	-6.894203	0.909500	-0.832828	-0.389191	-118.721006	-129.204998	0.000000	
0.594081	0.289483	-6.195694	0.842388	-0.867996	-0.333193	-136.099971	-133.893556	0.000000	
0.675835	0.600427	-7.235859	0.821188	-0.850560	-0.398641	-113.664074	-109.773087	0.000000	
0.551496	0.286491	-5.505451	0.909207	-0.885116	-0.360952	-156.579573	-162.835522	0.000000	
0.503443	0.246237	-6.367924	0.665479	-0.832966	-0.370650	-127.573636	-102.800480	0.000000	
0.501719	0.288689	-6.718816	0.820796	-0.797710	-0.407777	-115.693895	-120.264348	0.000000	
0.284766	0.198792	-7.769990	1.087978	-0.955616	-0.408157	-121.680134	-138.912564	0.000000	
0.239174	0.639165	-7.073346	1.109726	-0.937914	-0.389271	-131.419230	-152.837718	0.000000	
0.240707	0.419912	-7.245711	1.021016	-0.955663	-0.370818	-130.741393	-138.333531	0.000000	
0.282316	0.421695	-7.938655	0.976948	-0.938322	-0.389631	-116.938021	-120.701946	0.000000	
0.328085	0.374834	-7.247202	1.087522	-0.920420	-0.398611	-125.304287	-147.764112	0.000000	
0.546091	0.334111	-6.890463	0.820596	-0.815431	-0.379887	-115.100313	-116.941487	0.000000	
0.500468	0.512656	-7.758076	0.821334	-0.885863	-0.380259	-111.613456	-102.919681	0.000000	
0.592692	0.376129	-5.850294	0.842815	-0.850144	-0.379659	-141.073677	-141.196221	0.000000	
0.456807	0.513109	-8.453776	0.954122	-0.903627	-0.352387	-104.793258	-110.159276	0.000000	
0.328828	0.373489	-7.250165	1.198508	-0.937817	-0.407851	-127.648100	-163.020295	0.000000	
0.326945	0.289711	-8.112433	0.976941	-0.938382	-0.389670	-114.198395	-118.855044	0.000000	
0.151113	0.331310	-7.593980	1.020928	-0.903076	-0.389460	-118.372427	-132.509679	0.000000	
0.106094	0.330384	-7.943336	1.131592	-0.867974	-0.398689	-109.020132	-140.620942	0.000000	
0.591576	0.248062	-6.886074	0.731255	-0.815756	-0.324058	-114.920787	-104.608986	0.000000	
0.636568	0.156839	-6.544560	0.842752	-0.832839	-0.379799	-123.197389	-127.734445	0.000000	
0.500606	0.332727	-6.892267	0.864865	-0.762656	-0.407698	-107.712692	-123.343027	0.000000	
0.502709	0.376518	-6.719439	0.931318	-0.815270	-0.379736	-118.289893	-136.107958	0.000000	
0.767269	0.377851	-6.193741	0.864208	-0.780197	-0.360893	-120.698158	-136.811006	0.000000	
0.677092	0.688404	-7.411975	0.910488	-0.938222	-0.398773	-122.791111	-118.675230	0.000000	
0.151477	0.331890	-7.768578	0.977439	-0.973238	-0.408337	-124.749345	-123.931177	0.000000	
0.243132	0.288058	-7.419594	1.065096	-0.990913	-0.333619	-132.421702	-141.840322	0.000000	
0.677442	0.378034	-6.891420	0.843334	-0.832803	-0.417142	-116.740065	-119.935408	0.000000	
0.592241	0.507115	-5.504453	0.887314	-0.849912	-0.398156	-149.876359	-157.068345	0.000000	
0.238780	0.464198	-7.418434	1.020781	-0.903073	-0.380068	-120.628241	-134.811157	0.000000	
0.766574	0.333371	-6.368478	0.886486	-0.762617	-0.379518	-114.640682	-136.873851	0.000000	
0.458437	0.287108	-6.722218	0.931794	-0.815101	-0.417028	-118.514959	-136.726258	0.000000	
0.459537	0.244617	-6.895141	0.821746	-0.902938	-0.417375	-128.283381	-117.618128	0.000000	
0.765350	0.247006	-7.235345	0.886374	-0.745407	-0.370387	-98.577318	-121.007328	0.000000	
0.325908	0.417717	-6.551101	0.998384	-0.814931	-0.426261	-122.493529	-149.556085	0.000000	
0.680449	0.465288	-6.022282	0.886894	-0.850256	-0.360992	-136.412061	-143.812702	0.000000	
0.327415	0.595272	-6.898584	1.087383	-0.920350	-0.389193	-131.612789	-153.758310	0.000000	
0.326274	0.510149	-7.763815	0.976803	-0.938312	-0.380252	-119.305165	-122.883123	0.000000	
