"time";"X1_Force_X";"X1_Force_Y";"X1_Force_Z";"X1_Moment_X";"X1_Moment_Y";"X1_Moment_Z";"X1_COP_X";"X1_COP_Y";"X1_COP_Z";"X2_Force_X";"X2_Force_Y";"X2_Force_Z";"X2_Moment_X";"X2_Moment_Y";"X2_Moment_Z";"X2_COP_X";"X2_COP_Y";"X2_COP_Z"
0,0775;-28,3173860615319;500,880573414115;-0,482189672296537;-0,283853090813117;0;0,582012536209181;32,1427651457646;488,652292698331;-7,1920114029784;-0,357912483923388;0;0,194580957729925;0;8,91498376047333;0;0;-5,07873161717755;0
0,078452380952381;-28,3174596115911;502,740214064458;-0,270450292363171;-0,283769494600612;0;0,582155412241921;32,233891309053;490,298029367798;-6,98623714550903;-0,358016606530992;0;0,194693814503332;0;8,89364496867045;0;0;-5,09151372156621;0
0,0794047619047619;-28,3255413869973;504,659915536153;-0,0462853220184103;-0,283678105854528;0;0,582288082345086;32,3130624978898;492,000639793722;-6,7743227953708;-0,35811082657223;0;0,194822071965582;0;8,87230017896206;0;0;-5,10441330177245;0
0,0803571428571429;-28,3429344822669;506,641842770723;0,192285303103635;-0,283581738368026;0;0,582413195647548;32,3784742568445;493,770869033973;-6,55391207286258;-0,358191635553102;0;0,194968853966001;0;8,85094924868718;0;0;-5,11742640810081;0
0,0813095238095238;-28,3709419919168;508,688160709691;0,447241647368865;-0,283483205934265;0;0,582533401278178;32,4283221304867;495,619462146419;-6,32264869828325;-0,358255524979611;0;0,195137284353913;0;8,82959203518478;0;0;-5,13054909085588;0
0,0822619047619048;-28,4108670104636;510,801034294581;0,720563775143176;-0,283385322346406;0;0,582651348365845;32,4608016633858;497,557164188931;-6,07817639193167;-0,358298986357759;0;0,195330486978643;0;8,80822839579387;0;0;-5,1437774003422;0
0,0832142857142857;-28,4636481732561;512,981559344791;1,01387642021027;-0,283290948095165;0;0,582769544578588;32,4748137758746;499,592688323396;-5,81758774148267;-0,358319754384034;0;0,195550540856135;0;8,78685818740476;0;0;-5,15706924741928;0
0,0841666666666667;-28,5270519710328;515,221526357515;1,32571162424952;-0,283203350112968;0;0,582889266351274;32,4753987699289;501,717062691139;-5,53317843955004;-0,358326384116574;0;0,19579043108216;0;8,76548126300252;0;0;-5,17005058851734;0
0,0851190476190476;-28,5972115775204;517,507934578944;1,65300902151638;-0,283126004606482;0;0,583011156164666;32,4707580759445;503,912209529276;-5,21477428809909;-0,358333001948662;0;0,19603846035104;0;8,74409747356145;0;0;-5,18217645884984;0
0,0860714285714286;-28,6702466679579;519,827743658149;1,99269508587437;-0,28306238951191;0;0,583135851260237;32,4691192493458;506,159975819515;-4,85218067677574;-0,358353780317672;0;0,196282892659565;0;8,72270667003921;0;0;-5,19290048105819;0
0,0870238095238095;-28,742276917584;522,167913244206;2,34169629118702;-0,283015982765458;0;0,583263988879463;32,4787098455572;508,442208543568;-4,43520299522588;-0,358402891660982;0;0,196511992004524;0;8,70130870339349;0;0;-5,20167627778379;0
0,0879761904761905;-28,8095450569074;524,515736612522;2,69710047773521;-0,282990066603197;0;0,583396239888095;32,5075335794377;510,740962795921;-3,95399753290357;-0,358493973607423;0;0,196714403103848;0;8,67990342447203;0;0;-5,20797859819996;0
0,0889285714285714;-28,8711240876415;526,866180444216;3,05970691339913;-0,282983422158115;0;0,583534048510304;32,5584458328448;513,043080264933;-3,40679127485013;-0,358628363189372;0;0,196887527261725;0;8,65849068159409;0;0;-5,21176810171374;0
0,0898809523809524;-28,9289172827041;529,221884826117;3,43402629365829;-0,282990329460115;0;0,583679632328675;32,6291536546343;515,340189232838;-2,79988190169417;-0,358795096842749;0;0,1970375223686;0;8,63707032055045;0;0;-5,21349135796586;0
0,0908333333333333;-28,9849509702827;531,585823471389;3,82473068040958;-0,283004872838968;0;0,583835242550075;32,717140253097;517,624126094645;-2,13991799387244;-0,358982676194931;0;0,197170927036059;0;8,61564218702194;0;0;-5,21361606312898;0
0,0917857142857143;-29,0412514785651;533,960970093196;4,23649213554985;-0,283021136624444;0;0,584003130381369;32,8198888365236;519,886727245363;-1,43354813182169;-0,359179602873294;0;0,197294279875689;0;8,59420612668941;0;0;-5,21260991337576;0
0,0927380952380952;-29,0998451357389;536,350298404702;4,67398272097599;-0,283033205146313;0;0,584185547029423;32,9348826132046;522,119829080003;-0,687420895978677;-0,359374378505217;0;0,197414119499076;0;8,5727619852337;0;0;-5,21094060487883;0
0,0936904761904761;-29,1627582699916;538,756782119072;5,14187449858486;-0,283035162734344;0;0,584384743701102;33,0596047914309;524,315267993575;0,091815133219858;-0,359555504718076;0;0,197536984517805;0;8,55130960833565;0;0;-5,20907583381086;0
0,0946428571428571;-29,232017209511;541,18339494947;5,64483953027333;-0,283021093718308;0;0,584602971603273;33,1915385794929;526,464880381087;0,897511375337163;-0,359711483139249;0;0,197669413543464;0;8,52984884167611;0;0;-5,20748329634448;0
0,0955952380952381;-29,3094731065987;543,632697360966;6,18720636990106;-0,282985497282707;0;0,584842135546949;33,3281762393117;528,561419873956;1,72296304198122;-0,359831536214157;0;0,197817585199905;0;8,50837953073972;0;0;-5,20661060367407;0
0,096547619047619;-29,3945989257311;546,10163956253;6,7686401062141;-0,282928504679889;0;0,58509943767309;33,4671329448909;530,610092505037;2,56070226555911;-0,359914672214001;0;0,197982790917502;0;8,48690151834771;0;0;-5,20663269332878;0
0,0975;-29,4851537105177;548,583128543792;7,38544494532218;-0,282854306100902;0;0,585368690985658;33,6061124509518;532,625078548178;3,40271123984346;-0,359966951893729;0;0,198162800006641;0;8,46541464540182;0;0;-5,20752799141022;0
0,0984523809523809;-29,5788586665766;551,069982032797;8,033850895599;-0,282767181345415;0;0,585643633667111;33,7428204677997;534,620756400288;4,24096001768861;-0,359994591704987;0;0,198355304020355;0;8,44391875276137;0;0;-5,20927058566469;0
0,0994047619047619;-29,6734349995261;553,555017757586;8,71008796541824;-0,2826714102131;0;0,585918003899909;33,8749627057401;536,61150445828;5,06741865194885;-0,360003808099423;0;0,198557994511678;0;8,42241368128574;0;0;-5,21183456383851;0
0,100357142857143;-29,7666039149843;556,031053446203;9,4103861631536;-0,282571272503626;0;0,586185539866511;34,0002448750782;538,611701119063;5,87405719547848;-0,360000817528685;0;0,198768563033645;0;8,40089927183426;0;0;-5,21519401367796;0
0,101309523809524;-29,8560866185695;558,490906826692;10,1309754971788;-0,282471048016663;0;0,586439979749375;34,1163726861195;540,635724779549;6,65284570113183;-0,359991836444418;0;0,19898470113929;0;8,37937536526628;0;0;-5,21932302292935;0
0,102261904761905;-29,9396043158998;560,927395627096;10,8680859758674;-0,282375016551882;0;0,586675061730962;34,2210518491692;542,697953836648;7,39575422176315;-0,35998308129827;0;0,199204100381648;0;8,35784180244117;0;0;-5,22419567933898;0
0,103214285714286;-30,0150503881901;563,333594580439;11,6180585477966;-0,282287172668931;0;0,586885318489244;34,3123957424779;544,811118295019;8,09601438643135;-0,359980402994002;0;0,199424359830348;0;8,33629842400885;0;0;-5,22975896405054;0
0,104166666666667;-30,081816782033;565,704815314955;12,3781997522026;-0,282209028282828;0;0,587072197755758;34,3920659652996;546,973601041573;8,75783820967952;-0,359986470814894;0;0,199642273606883;0;8,3147450687966;0;0;-5,2357239303701;0
0,105119047619048;-30,140067045769;568,037521221939;13,1463133047884;-0,282140817010718;0;0,587240707778978;34,4635510732348;549,176397723872;9,39109143644905;-0,360002315848145;0;0,199854221370086;0;8,29318157469318;0;0;-5,24168015386611;0
0,106071428571429;-30,1899711046124;570,328185211393;13,9202070301539;-0,282082761905298;0;0,587395886233141;34,5303547206968;551,410442937909;10,0056865367259;-0,360028955642146;0;0,200056579353478;0;8,27160777957963;0;0;-5,24721620615873;0
0,10702380952381;-30,2316988837776;572,573280193316;14,6976887528985;-0,282035086019266;0;0,587542770792481;34,5959805620991;553,666671279681;10,611535980496;-0,360067407745286;0;0,200245723790582;0;8,25002352133696;0;0;-5,25192065886817;0
0,10797619047619;-30,2654203084791;574,769279077709;15,4765662976219;-0,281998012405323;0;0,587686399131234;34,663932251855;555,936017345184;11,2185522377454;-0,360118689705954;0;0,200418030914917;0;8,22842863784621;0;0;-5,2553820836146;0
0,108928571428571;-30,2913053039311;576,912654774572;16,2546474889238;-0,281971764116166;0;0,587831808923633;34,7377134443777;558,209415730412;11,8366477784601;-0,360183819072541;0;0,200569876960007;0;8,2068229669884;0;0;-5,2571890520182;0
0,109880952380952;-30,3095237953482;578,999880193905;17,0297401514037;-0,281956564204494;0;0,587984037843916;34,8208277940807;560,477801031361;12,475735072626;-0,360263813393436;0;0,200697638159373;0;8,18520634664455;0;0;-5,25693013569916;0
0,110833333333333;-30,3204859140709;581,029801007549;17,7997994731725;-0,281952334938799;0;0,588147543527359;34,9159987968138;562,732455479808;13,1435276438676;-0,360359152168693;0;0,200798940454495;0;8,16357861461367;0;0;-5,25430880472536;0
0,111785714285714;-30,3260045111805;583,01511898637;18,5636411936913;-0,281957242113041;0;0,588323396384654;35,0213940953578;564,966691378862;13,8348979383684;-0,36046717288432;0;0,200878707644116;0;8,14193960821585;0;0;-5,2496994959015;0
0,112738095238095;-30,3284001620778;584,973551214162;19,3203925350615;-0,281968815752814;0;0,588511440796626;35,1335323092909;567,174555830297;14,5400704836178;-0,360584075752146;0;0,200944505037972;0;8,12028916459779;0;0;-5,24371950718269;0
0,113690476190476;-30,3299941424728;586,922821692392;20,0691811490158;-0,281984585006791;0;0,588711519453024;35,2489297836765;569,350096949399;15,2492633961826;-0,360706059415344;0;0,20100390158926;0;8,098627120906;0;0;-5,23698647150489;0
0,114642857142857;-30,3331077280757;588,880654422528;20,8091346872868;-0,282002079023642;0;0,588923475043598;35,364102863578;571,487362851456;15,9526947926299;-0,360829322517089;0;0,201064466251179;0;8,07695331428694;0;0;-5,23011802180409;0
0,115595238095238;-30,3399611663342;590,86348832601;21,5395724789471;-0,282018827102005;0;0,589146960371357;35,4757014376853;573,580965405724;16,6412043499604;-0,360950204373941;0;0,201133444915996;0;8,05526758186747;0;0;-5,22369612374355;0
0,116547619047619;-30,3514031450054;592,870316077834;22,2624160646367;-0,282032360576422;0;0,589379050336921;35,5821883829636;575,63317000533;17,3140700496243;-0,361066954084346;0;0,201213697600785;0;8,03356976050772;0;0;-5,21781852409183;0
0,1175;-30,3672938913269;594,887557130014;22,9814623560898;-0,282040212248679;0;0,589614961989043;35,6833331672209;577,65175781223;17,976651220356;-0,361179197095157;0;0,201304923494471;0;8,01185968687564;0;0;-5,21223400102105;0
0,118452380952381;-30,3874718104318;596,901353357279;23,7005496673459;-0,282039914952957;0;0,58984987136094;35,7789341036886;579,644631759233;18,6344414479437;-0,361286589238676;0;0,20140675200482;0;7,99013719763495;0;0;-5,20668362857243;0
0,119404761904762;-30,4117753074528;598,897846634356;24,4235163124446;-0,282029001523436;0;0,59007895448583;35,8687895055981;581,619694779152;19,2929343181757;-0,361388786347209;0;0,201518812539598;0;7,96840212944933;0;0;-5,20090848078717;0
0,120357142857143;-30,4400427875229;600,863178835975;25,1542006054254;-0,282005004794294;0;0,590297387396929;35,9526976861807;583,584849804796;19,95762341684;-0,361485444253059;0;0,201640734506571;0;7,94665431898249;0;0;-5,19464963170648;0
0,121309523809524;-30,4721126557752;602,783491836863;25,8964408603279;-0,281965457599712;0;0,590500346127454;36,0304569586678;585,547999768976;20,634002329725;-0,361576218788529;0;0,201772147313505;0;7,92489360289813;0;0;-5,18764815537156;0
0,122261904761905;-30,5078233173424;604,644927511749;26,6540753911917;-0,281907892773869;0;0,590683006710622;36,1018656362909;587,517047604505;21,3275646426187;-0,361660765785925;0;0,201912680368164;0;7,90311981785997;0;0;-5,17964512582364;0
0,123214285714286;-30,5470347718575;606,435153776348;27,4301439514555;-0,281830405168421;0;0,590841331994168;36,166687276559;589,498463182795;22,043365538699;-0,36173871415208;0;0,202061868430114;0;7,88133280058729;0;0;-5,17041117442287;0
0,124166666666667;-30,5897949710814;608,155120754974;28,2207358596987;-0,281735981268623;0;0,590978133026264;36,2243829334725;591,486243433478;22,7826444747195;-0,361809458442528;0;0,202218422469021;0;7,85953238828332;0;0;-5,15997419067586;0
0,125119047619048;-30,6362486421264;609,812617496369;29,0183616999564;-0,281630126230645;0;0,591099746949774;36,274257903906;593,467963048072;23,5446762142537;-0,361872272546809;0;0,202380629290393;0;7,83771841840042;0;0;-5,14849452466677;0
0,126071428571429;-30,686541311901;611,415489569308;29,8155024799448;-0,281518366026118;0;0,591212540048841;36,3156161974852;595,431143641749;24,3287192837414;-0,361926429357226;0;0,202546772194246;0;7,81589072839306;0;0;-5,13613362119528;0
0,12702380952381;-30,7408185073137;612,971582542568;30,6046392073804;-0,281406226626674;0;0,591322878607607;36,3477618238358;597,363306829681;25,1340322096225;-0,361971201766081;0;0,202715134480599;0;7,79404915571565;0;0;-5,12305292506104;0
0,12797619047619;-30,799225755273;614,488741984927;31,3782528899796;-0,281299234003947;0;0,591437128910217;36,3699987925834;599,25197422704;25,9598735183369;-0,362005862665677;0;0,202883999449468;0;7,77219353782265;0;0;-5,10941388106374;0
0,128928571428571;-30,8619085826875;615,974813465162;32,1288245354587;-0,281202914129568;0;0,591561657240812;36,3816311133537;601,084667448997;26,8055017363243;-0,362029684948315;0;0,203051650400873;0;7,75032371216849;0;0;-5,09537793400304;0
0,129880952380952;-30,9290125164656;617,43764255205;32,8488351515342;-0,281122792975168;0;0,591702829883535;36,3819627957723;602,848908110724;27,6701753900245;-0,362041941506299;0;0,20321637063483;0;7,72843951620761;0;0;-5,0811065286786;0
0,130833333333333;-31,0007617469378;618,885103033095;33,5319078010009;-0,281063408547222;0;0,591865393483467;36,3707296511542;604,534260810295;28,5528587138192;-0,362042718063245;0;0,203376629271252;0;7,70654078758394;0;0;-5,06671729009946;0
0,131785714285714;-31,0778398312983;620,325233483298;34,1783347487606;-0,281023529481316;0;0,592044636560205;36,3501890616123;606,142220451185;29,450797379429;-0,362036846993276;0;0,203531980553231;0;7,68462736504793;0;0;-5,05207195102769;0
0,132738095238095;-31,1610965978226;621,766132123659;34,7908222245311;-0,280999836148488;0;0,592232424198011;36,3235111096234;607,678600195194;30,3606150126789;-0,362030878754198;0;0,20368237149186;0;7,66269908775057;0;0;-5,03693962221892;0
0,133690476190476;-31,2513821041256;623,215897257448;35,3720797876368;-0,280989006039411;0;0,592420616759168;36,2938671365611;609,149219160335;31,2789343813993;-0,362031366173587;0;0,203827749639978;0;7,64075579484339;0;0;-5,02108928667426;0
0,134642857142857;-31,3495464078223;624,682627187934;35,9248169974024;-0,280987716644759;0;0,592601074605956;36,2644284837992;610,559896464626;32,2023782534209;-0,362044862079019;0;0,203968062550428;0;7,61879732547791;0;0;-5,00428992739482;0
0,135595238095238;-31,4564395665277;626,174420218388;36,4517434131525;-0,280992645455204;0;0,592765658100658;36,2383664927113;611,916451226082;33,1275693965743;-0,362077919298072;0;0,204103257776049;0;7,59682351880568;0;0;-4,98631052738173;0
0,136547619047619;-31,5729116378567;627,69937465208;36,9555685942115;-0,281000469961419;0;0,592906227605557;36,2188525046712;613,224702562718;34,05113057869;-0,362137090658321;0;0,204233282869683;0;7,57483421397822;0;0;-4,9669200696361;0
0,1375;-31,6998126794243;629,265588792278;37,439002099904;-0,281007867654077;0;0,593014643482934;36,2090578610526;614,490469592551;34,9696845675986;-0,362228928987343;0;0,204358085384171;0;7,55282925014707;0;0;-4,94588753715904;0
0,138452380952381;-31,8370213650102;630,878562323143;37,9055619546723;-0,281011397798025;0;0,59308653040415;36,2115057774656;615,719090659898;35,8798668301553;-0,36235635956714;0;0,204478003092415;0;7,53080846685027;0;0;-4,92314394149681;0
0,139404761904762;-31,9805308330523;632,533400452392;38,3620000434298;-0,281007146754798;0;0,593132570276886;36,2261269664658;616,913981014281;36,7783636293131;-0,362507797497418;0;0,204594934647564;0;7,508771705172;0;0;-4,89926840837619;0
0,140357142857143;-32,1253628381536;634,222609768629;38,815876716208;-0,280991082660104;0;0,593167209317897;36,252204014845;618,078075131524;37,6618739270498;-0,362668030332309;0;0,204711168922826;0;7,48671880658295;0;0;-4,8750020920691;0
0,141309523809524;-32,2665391349168;635,938696860462;39,2747523230379;-0,280959173649654;0;0,593204893743943;36,2890195093951;619,214307487449;38,527096685343;-0,362821845625946;0;0,204828994791411;0;7,4646496125538;0;0;-4,85108614684746;0
0,142261904761905;-32,3990814779446;637,674168316497;39,7461872139509;-0,280907387859154;0;0,593260069771782;36,3358560369082;620,325612557882;39,3707308661705;-0,36295403093246;0;0,20495070112653;0;7,44256396455524;0;0;-4,82826172698318;0
0,143214285714286;-32,5183921638978;639,422402925061;40,2370620570592;-0,280832443289457;0;0,593345660836727;36,3919447432858;621,414460109213;40,1897962163086;-0,363050820436223;0;0,205078288966124;0;7,42046170422209;0;0;-4,80717652008588;0
0,144166666666667;-32,6231856147565;641,184370842442;40,7483417704399;-0,280737584545449;0;0,593461336535604;36,456069048163;622,479275214635;40,9841044983746;-0,363111039362588;0;0,20521125411525;0;7,39834267461761;0;0;-4,78766470763034;0
0,145119047619048;-32,7138816446866;642,964950971834;41,2779452902368;-0,28062941673877;0;0,593599942148398;36,5267818397779;623,51640036063;41,7549050661212;-0,363139995983537;0;0,205347802450546;0;7,37620671954057;0;0;-4,76914160197509;0
0,146071428571429;-32,7909141620041;644,769054520122;41,8237663791895;-0,280514572753844;0;0,593754266555782;36,6026341011504;624,522160822217;42,5034591542191;-0,363143052149952;0;0,205486129188083;0;7,35405368279583;0;0;-4,75101905375045;0
0,147023809523809;-32,8547170750253;646,601592694194;42,3836988000374;-0,280399685475096;0;0,593917098638426;36,6821768153006;625,492881874418;43,2310279973392;-0,363125569712715;0;0,205624429543931;0;7,33188340818823;0;0;-4,73270891358671;0
0,14797619047619;-32,9057242920662;648,467476700936;42,9556363155201;-0,280291387786949;0;0,594081227277005;36,7639609652483;626,424888792253;43,9388728301526;-0,363092910522706;0;0,205760898734163;0;7,30969573952264;0;0;-4,7136230321142;0
0,148928571428571;-32,9443697214431;650,371617747234;43,5374726883771;-0,280196312573827;0;0,594239441352191;36,8465375340135;627,314506850742;44,6282548873301;-0,363050436430806;0;0,205893731974849;0;7,28749052060389;0;0;-4,6931732599632;0
0,149880952380952;-32,9710872714719;652,318927039974;44,1271016813478;-0,280121092720154;0;0,594384529744655;36,9284575046162;628,158061324906;45,3004354035427;-0,363003509287897;0;0,206021124482059;0;7,26526759523684;0;0;-4,67077144776403;0
0,150833333333333;-32,986437530254;654,313477067489;44,7224310710924;-0,280070937771068;0;0,594510491392831;37,0081169420944;628,952223639586;45,956616762161;-0,362957363124269;0;0,206141620151833;0;7,24302680767229;0;0;-4,64594897601806;0
0,151785714285714;-32,9917208515159;656,354442495171;45,3214504706638;-0,280042745468224;0;0,594618391549121;37,0830072446708;629,695686613472;46,5976576755518;-0,362916485542668;0;0,206255799049225;0;7,22076800476526;0;0;-4,61893523785568;0
0,152738095238095;-32,988505352378;658,439225186804;45,9221791143758;-0,280030405037292;0;0,594711853168193;37,1502923600232;630,387874723035;47,2242924619342;-0,36288509397112;0;0,20636497824505;0;7,19849103431338;0;0;-4,59021227700939;0
0,153690476190476;-32,97835951929;660,565224560925;46,5226362773988;-0,280027801554265;0;0,594794502732576;37,2071357841735;631,028213453932;47,8372552679491;-0,362867405464998;0;0,206470475826683;0;7,17619574411559;0;0;-4,56026248569529;0
0,154642857142857;-32,9628518387011;662,729840036073;47,1208412349035;-0,280028820095134;0;0,5948699667248;37,2507010131436;631,616128291819;48,4372802402374;-0,362867637079673;0;0,206573609881497;0;7,1538819819708;0;0;-4,52956825612946;0
0,155595238095238;-32,9435507970609;664,930471030787;47,7148132620603;-0,280027345735892;0;0,594941871627398;37,2781515429554;632,151044722351;49,0251015254401;-0,362890005870516;0;0,20667569849687;0;7,13154959567795;0;0;-4,49861198052799;0
0,156547619047619;-32,9220248808187;667,164516963604;48,3025716340398;-0,280017263552531;0;0,5950138439229;37,2866508696309;632,632388231184;49,601453270198;-0,362938728892898;0;0,206778059760174;0;7,10919843303598;0;0;-4,46787605110697;0
0,1575;-32,8998425764239;669,429377253064;48,8821356260125;-0,279992458621043;0;0,595089510093836;37,2733624891918;633,059584303975;50,1670696211521;-0,363018023202191;0;0,206882011758784;0;7,08682834184381;0;0;-4,43784286008251;0
0,158452380952381;-32,8781714002787;671,72088510627;49,4529169012709;-0,279948476446205;0;0,595171976329844;37,2372602345088;633,434106616747;50,7225279953319;-0,363129663520738;0;0,20698838212697;0;7,06443917065112;0;0;-4,4088364946871;0
0,159404761904762;-32,8565749885961;674,028608884582;50,0198966755943;-0,279887504247927;0;0,595262267648996;37,1845592858468;633,765621606997;51,2677788913211;-0,363265655238762;0;0,207096036686577;0;7,04203077101062;0;0;-4,38054782221904;0
0,160357142857143;-32,8342160075416;676,340550737923;50,5894485528837;-0,279813389674905;0;0,59536088877647;37,1232851603195;634,06584390259;51,8026160780922;-0,363415561413462;0;0,207203350806345;0;7,01960299522574;0;0;-4,35250940499301;0
0,161309523809524;-32,8102571232808;678,64471281622;51,1679461370405;-0,279729980375835;0;0,595468344437442;37,0614633750402;634,346488131392;52,3268333246174;-0,363568945102031;0;0,207308699855013;0;6,99715569559994;0;0;-4,32425380532371;0
0,162261904761905;-32,7838610019796;680,929097269397;51,7617630319657;-0,279641123999411;0;0,595585139357092;37,0071194471228;634,619268921266;52,8402243998691;-0,363715369361667;0;0,207410459201321;0;6,97468872443666;0;0;-4,29531358552585;0
0,163214285714286;-32,7541903098034;683,181706247378;52,3772728415605;-0,279550668194329;0;0,595711778260598;36,9682788936807;634,895900900079;53,3425830728197;-0,363844397249566;0;0,207507004214008;0;6,95220193403934;0;0;-4,26522130791412;0
0,164166666666667;-32,7204077129179;685,390541900088;53,0208491697261;-0,279462460609283;0;0,595848765873137;36,9529672318275;635,188098695694;53,8337031124415;-0,363945591822922;0;0,207596710261815;0;6,92969517671145;0;0;-4,23350953480322;0
0,165119047619048;-32,6816774730694;687,543620706793;53,6988592786568;-0,279380346569364;0;0,595996604303519;36,9692029331732;635,507576489601;54,3133776723784;-0,364008524032963;0;0,207677953563208;0;6,90716830475781;0;0;-4,1997113125484;0
0,166071428571429;-32,638320647967;689,63934791945;54,4130726931334;-0,279306486784822;0;0,596153898793575;37,0198964792804;635,865724840138;54,7809537931983;-0,36402848800304;0;0,207749726389403;0;6,88462117148964;0;0;-4,16371061690143;0
0,16702380952381;-32,5938542433388;691,704830461322;55,152556499261;-0,279238387781752;0;0,596314013999537;37,0938462081733;636,273040212999;55,2345460127219;-0,364016589599622;0;0,20781272301666;0;6,86205363299857;0;0;-4,12636095682965;0
0,16797619047619;-32,5523425490718;693,772090219853;55,9042025777204;-0,279172759089159;0;0,596469417163328;37,1774338501706;636,739865966648;55,6720578111354;-0,363986642341651;0;0,207867929177914;0;6,83946554585234;0;0;-4,08868186720797;0
0,168928571428571;-32,5178498550529;695,873149082491;56,654902809192;-0,279106310236047;0;0,596612575526871;37,2570411355913;637,276545459551;56,0913926686249;-0,363952459748063;0;0,207916330606104;0;6,8168567666187;0;0;-4,05169288291131;0
0,169880952380952;-32,4944404511692;698,040028936682;57,3915490743564;-0,279035750751421;0;0,596735956332089;37,3190497947542;637,893422050174;56,4904540653764;-0,363927855337798;0;0,207958913034167;0;6,79422715186538;0;0;-4,0164135388146;0
0,170833333333333;-32,4856473691692;700,299422953769;58,1025594650847;-0,278958354579522;0;0,596833282368944;37,3518073529852;638,598089266286;56,8676087717642;-0,363924738211346;0;0,207996848219149;0;6,77157655857929;0;0;-3,98366774230852;0
0,171785714285714;-32,4919012791362;702,646906467341;58,7852646126485;-0,278874691652094;0;0,596905608388686;37,3551408907102;639,382082586445;57,2239290107767;-0,363943896331731;0;0,208032394233818;0;6,74890484619494;0;0;-3,95313700471701;0
0,172738095238095;-32,5125099294321;705,066791489781;59,4402211049171;-0,278786524906846;0;0,59695664299775;37,3330325944194;640,23112516485;57,5614662630882;-0,363982092287706;0;0,208068202350587;0;6,72621187503282;0;0;-3,92408933903726;0
0,173690476190476;-32,5467795195615;707,543374497858;60,0679899793551;-0,278695618927008;0;0,596990098463061;37,2894703817839;641,130932138704;57,8822733600736;-0,364036083115783;0;0,208106924384216;0;6,70349750541462;0;0;-3,89579218792397;0
0,174642857142857;-32,5940162490288;710,060951968338;60,6691322734272;-0,278603738295815;0;0,597009687051543;37,2284421704746;642,06721864521;58,1884031331076;-0,364102625852474;0;0,208151212149464;0;6,68076159766204;0;0;-3,86751299403181;0
0,175595238095238;-32,6535263173386;712,60382037799;61,2442090245981;-0,278512647596499;0;0,597019121030121;37,1539358781628;643,025699821569;58,4819084135649;-0,364178477534293;0;0,208203717461089;0;6,65800401209677;0;0;-3,83851920001547;0
0,176547619047619;-32,7246159239954;715,15627620358;61,7937812703325;-0,278424111412292;0;0,597022112665718;37,0699394225194;643,992090804983;58,7648420328203;-0,364260395197752;0;0,20826709213385;0;6,63522460904052;0;0;-3,80807824852963;0
0,1775;-32,8065912685037;717,702615921877;62,3184100480951;-0,278339894326428;0;0,597022374225259;36,9804407212155;644,952106732655;59,0392568222484;-0,364345135879363;0;0,208343987982507;0;6,61242324881498;0;0;-3,77545758222899;0
0,178452380952381;-32,8988136993312;720,229378654475;62,8187520572261;-0,278261625631304;0;0,597022899692895;36,8889483872608;645,89251048448;59,3068698214967;-0,364430198019023;0;0,208435165285294;0;6,58959979270702;0;0;-3,74013321136665;0
0,179404761904762;-33,0008651607992;722,732074102272;63,2958466445681;-0,278190393455975;0;0,597023809921672;36,7970538150189;646,80425591112;59,5680549033027;-0,364516045670156;0;0,208533818174349;0;6,56675410586428;0;0;-3,70241541658942;0
0,180357142857143;-33,1123827461922;725,208454610994;63,7508288188394;-0,278127150638661;0;0,597024507481867;36,7058690941922;647,679344605933;59,8228501486765;-0,364603884289574;0;0,208631249245284;0;6,54388605439956;0;0;-3,66282304614255;0
0,181309523809524;-33,2330035487946;727,656272526367;64,1848335887582;-0,278072850017583;0;0,597024394943752;36,616506314483;648,509778162275;60,0712936386282;-0,364694919334085;0;0,208718761093714;0;6,52099550442569;0;0;-3,62187494827128;0
0,182261904761905;-33,362364661891;730,073280194115;64,5989959630426;-0,27802844443096;0;0,5970228748776;36,5300775655936;649,287558173501;60,313423454168;-0,364790356260499;0;0,208787656315252;0;6,49808232205545;0;0;-3,58008997122084;0
0,183214285714286;-33,5001031787659;732,457229959965;64,994450950411;-0,277994886717014;0;0,597019349853687;36,4476949372264;650,004686232969;60,5492776763059;-0,364891400525626;0;0,208829237505511;0;6,47514637340167;0;0;-3,53798696323649;0
0,184166666666667;-33,6458561927037;734,805874169641;65,3723335595815;-0,277973129713963;0;0,597013222442285;36,3704705190835;650,653163934033;60,7788943860522;-0,364999257586275;0;0,208834807260105;0;6,45218752457716;0;0;-3,49608477256346;0
0,185119047619048;-33,7992615907899;737,116967879967;65,7337784904958;-0,277964124553081;0;0,597003896160821;36,2995147940796;651,225001373325;61,002310827375;-0,365115130942314;0;0,208795675413113;0;6,4292056416965;0;0;-3,45490195508309;0
0,186071428571428;-33,960532765775;739,390231694562;66,0796965801058;-0,277967584828616;0;0,596991461212733;36,2347733239731;651,718373520712;61,2189573888696;-0,365238805310487;0;0,208708399686898;0;6,40620059216239;0;0;-3,4147451028441;0
0,18702380952381;-34,1314730936471;741,630816548392;66,4103801859582;-0,277979805118735;0;0,596977904949153;36,1729732745564;652,148487402743;61,4265878642177;-0,365366145652242;0;0,208584036452412;0;6,38317224693621;0;0;-3,37533520298949;0
0,18797619047619;-34,3141582241086;743,84480328339;66,7260157552475;-0,277996494518572;0;0,59696553959473;36,1102906834059;652,533466668757;61,6226689417315;-0,365492345697837;0;0,208436124874651;0;6,36012047758876;0;0;-3,3362929618421;0
0,188928571428571;-34,5106638068624;746,038272741488;67,026789735168;-0,278013362123261;0;0,596956677374116;36,0429015880983;652,891434968091;61,8046673097233;-0,36561259917753;0;0,208278204118611;0;6,33704515569085;0;0;-3,29723908572479;0
0,189880952380952;-34,7230654916111;748,217305764619;67,3128885729142;-0,278026117027935;0;0,596953630511962;35,9669820262099;653,240515950082;61,9700496565053;-0,36572209982158;0;0,208123813349287;0;6,31394615281328;0;0;-3,25779428096043;0
0,190833333333333;-34,9534389280573;750,387983194715;67,5844987156804;-0,278030468327727;0;0,596958711232918;35,8787080353173;653,598833264069;62,1162826703896;-0,365816041360246;0;0,207986491731674;0;6,29082334052683;0;0;-3,21757925387188;0
0,191785714285714;-35,2038597659037;752,556385873709;67,8418066106609;-0,278022125117773;0;0,596974231761636;35,7742556529969;653,984510559388;62,2408330396884;-0,365889617523787;0;0,207879778430768;0;6,26767659040233;0;0;-3,17621471078199;0
0,192738095238095;-35,4763893049825;754,728596210653;68,085024510667;-0,277996815361188;0;0,597002471600188;35,6498356707975;654,415625643058;62,3411853509278;-0,365938066380067;0;0,207817144057357;0;6,24450577402117;0;0;-3,13332451144863;0
0,193690476190476;-35,7713525108047;756,91088623627;68,3174871481271;-0,27795255004703;0;0,597041750818702;35,5058641109033;654,904709401497;62,4169898744965;-0,365961990847347;0;0,207803764163207;0;6,2213107642489;0;0;-3,08891408126594;0
0,194642857142857;-36,0857021293312;759,109896254764;68,548593575388;-0,27789177414036;0;0,59708269968146;35,3509241789643;655,453519776156;62,4721029610125;-0,365972413181429;0;0,207828704061481;0;6,19809143644508;0;0;-3,04372990285544;0
0,195595238095238;-36,4160034600217;761,332308882614;68,7884395964468;-0,277817442041778;0;0,597115064943137;35,1945374378799;656,06257696587;62,5108642128649;-0,365981552753494;0;0,20787917810176;0;6,1748476662558;0;0;-2,99860360158398;0
0,196547619047619;-36,7588218023358;763,584806736298;69,0471210153004;-0,277732508151885;0;0,597128593358409;35,0462254505494;656,732401169478;62,537613232443;-0,366001628934721;0;0,207942400633625;0;6,15157932932714;0;0;-2,95436680281837;0
0,1975;-37,110722455733;765,874072432294;69,334733635946;-0,277639926871282;0;0,59711303168195;34,915509779872;657,463512585815;62,5566896221358;-0,366044861096292;0;0,208005586006655;0;6,1282863013052;0;0;-2,91185113192545;0
0,198452380952381;-37,4684563269525;768,20344247061;69,6584000184718;-0,277542653915418;0;0,59706120722364;34,8097786656609;658,254054874494;62,5723080084583;-0,366120063036521;0;0,20805783137512;0;6,10496845839549;0;0;-2,87165891048769;0
0,199404761904762;-37,8295167518508;770,56286888536;70,0133497473315;-0,277443650259137;0;0,596978269514168;34,7278870553847;659,092665538222;62,5881831144279;-0,36622242626227;0;0,208095765112042;0;6,08162567904129;0;0;-2,83347524495008;0
0,200357142857143;-38,1915826735639;772,938957594189;70,3918391630701;-0,277345878192128;0;0,596872448639428;34,6665565734256;659,965605540484;62,607904687188;-0,366343736707534;0;0,208117898395132;0;6,05825784224531;0;0;-2,79675593797329;0
0,201309523809524;-38,5523330352278;775,31831451474;70,7861246062327;-0,277252300004083;0;0,596751974685315;34,6225088441659;660,859135844762;62,635062473882;-0,36647578030631;0;0,208122742402099;0;6,03486482701026;0;0;-2,76095679221797;0
0,202261904761905;-38,9094467799785;777,687545564658;71,1884624173644;-0,277165877984693;0;0,596625077737724;34,5924654919879;661,75951741454;62,6732462216531;-0,366610342992593;0;0,208108808310656;0;6,01144651233884;0;0;-2,72553361034476;0
0,203214285714286;-39,260602850952;780,033256661586;71,5911089370099;-0,277089574423649;0;0,596499987882546;34,5731481412739;662,653011213302;62,7260456776447;-0,366739210700379;0;0,208074607298511;0;5,98800277723376;0;0;-2,68994219501433;0
0,204166666666667;-39,6034801912843;782,342053723168;71,9863205057145;-0,277026351610643;0;0,596384935205678;34,5612784164064;663,52587820453;62,7970505890002;-0,366854169363665;0;0,208018650543376;0;5,96453350069773;0;0;-2,65363834888731;0
0,205119047619048;-39,9357599687101;784,600551407604;72,3663552186448;-0,276979169881064;0;0,596288145199956;34,5535798159304;664,364388317253;62,8898484989572;-0,366947009985034;0;0,207939451970589;0;5,941038561735;0;0;-2,61607808435762;0
0,206071428571429;-40,2567361849733;786,801701276355;72,7247432716338;-0,276949572701898;0;0,596214513392667;34,5481346065266;665,161311500734;63,0064291192317;-0,367013198292641;0;0,207837517534685;0;5,91751784047419;0;0;-2,57686947042504;0
0,207023809523809;-40,5701587128814;788,955962224989;73,0585293675972;-0,276935189074734;0;0,596159735420058;34,5467790032555;665,92737569117;63,1443677387282;-0,367058352394401;0;0,207718856686046;0;5,89397122015017;0;0;-2,53604067178814;0
0,20797619047619;-40,8805404625731;791,076791159861;73,3653600446625;-0,276932977675833;0;0,596117931500194;34,5519920590676;666,676384006745;63,3004837067487;-0,367089828923566;0;0,207590421310938;0;5,87039858452977;0;0;-2,49369179165003;0
0,208928571428571;-41,1923943441872;793,177644987323;73,6428818409574;-0,276939897181457;0;0,596083221851137;34,5662528269134;667,422139565644;63,4715963725948;-0,367114984513389;0;0,207459163295625;0;5,84679981737981;0;0;-2,44992293321387;0
0,209880952380952;-41,5102332678622;795,27198061373;73,8887412946092;-0,276952906267867;0;0,596049726690951;34,5920403597435;668,17844548605;63,6545250855684;-0,367141175797123;0;0,207332034526372;0;5,82317480246711;0;0;-2,40483419968278;0
0,210833333333333;-41,838570143737;797,373254945436;74,1005849437456;-0,276968963611323;0;0,596011566237698;34,6318337105085;668,959104886148;63,8460891949713;-0,367175759408021;0;0,207215986889445;0;5,79952342355849;0;0;-2,3585256942599;0
0,211785714285714;-42,1819178819503;799,494924888792;74,2760593264941;-0,276985027888087;0;0,595962860709441;34,6881119321591;669,777920884121;64,0431080501053;-0,367226091979336;0;0,207117972271108;0;5,77584556442077;0;0;-2,31109752014837;0
0,212738095238095;-42,544760166625;801,650411974912;74,4128491885321;-0,27699806803015;0;0,59589775555236;34,7633449386425;670,648656259289;64,2424001873658;-0,367299489672974;0;0,207044901610644;0;5,7521411088309;0;0;-2,26265015488302;0
0,213690476190476;-42,9280443339727;803,848857330618;74,5132623890782;-0,277006293912634;0;0,595813448814646;34,8588968245122;671,58019278812;64,4406857814599;-0,367398371617673;0;0,206998731262425;0;5,72840994179151;0;0;-2,2133293701355;0
0,214642857142857;-43,325849606493;806,091088900846;74,5885855615835;-0,277010325506837;0;0,595713067151703;34,9739840185572;672,571932613457;64,6344939740646;-0,367515646175285;0;0,206971795039886;0;5,70465195068568;0;0;-2,16336890552907;0
0,215595238095238;-43,731466104259;808,376979499;74,6511369433472;-0,27701105968872;0;0,595600418378064;35,1075761964783;673,622188728746;64,8203319583808;-0,36764312898125;0;0,206955321187926;0;5,68086702316999;0;0;-2,11301260764314;0
0,216547619047619;-44,1381839473437;810,706401938483;74,7132347716683;-0,277009393334247;0;0,59547931030826;35,2586430339764;674,729274127434;64,9947069276097;-0,367772635671011;0;0,206940537951446;0;5,65705504690103;0;0;-2,06250432305711;0
0,2175;-44,5392932558203;813,079229032696;74,787197283846;-0,277006223319379;0;0,595353550756824;35,4261542067525;675,891501802965;65,1541260749521;-0,367895981880009;0;0,206918673575345;0;5,63321590953538;0;0;-2,01208789835039;0
0,218452380952381;-44,9280841497618;815,495333595042;74,8853427171795;-0,277002446520079;0;0,595226947538285;35,6090793905076;677,107184748787;65,2950965936092;-0,368004983243685;0;0,206880956304523;0;5,60934949872961;0;0;-1,96200718010239;0
0,219404761904762;-45,2978467492413;817,954588438924;75,0199893089678;-0,276998959812311;0;0,595103308467177;35,8063882609425;678,374635958345;65,4141256767819;-0,368091455397482;0;0,206818614383881;0;5,5854557021403;0;0;-1,91250601489252;0
0,220357142857143;-45,6419567269898;820,456613545815;75,2032009949415;-0,276996648415436;0;0,594986333668804;36,0170165809299;679,692158583462;65,5080158598025;-0,368147335470816;0;0,206723056979818;0;5,56153440745229;0;0;-1,86381881223957;0
0,221309523809524;-45,9576649742839;822,989576547215;75,4355227916337;-0,276995869548072;0;0,59487484534535;36,2383639878224;681,057609986864;65,5869475826869;-0,368170063820274;0;0,206593888332585;0;5,53758550362983;0;0;-1,81575251776878;0
0,222261904761905;-46,2475995253859;825,525754119671;75,7015163910652;-0,27699624779002;0;0,594760897231672;36,4656986349111;682,468228967007;65,679664085327;-0,368164716923859;0;0,206442083933718;0;5,5136088814125;0;0;-1,76752094037002;0
0,223214285714286;-46,5147844916784;828,036252421541;75,9845661631803;-0,276997353755349;0;0,594636044501396;36,6941316716521;683,921208759277;65,8162759322961;-0,368136933731693;0;0,206279456874291;0;5,48960443167064;0;0;-1,71829419883776;0
0,224166666666667;-46,7622439845441;830,492177611182;76,2680564779231;-0,276998758058125;0;0,594491842328143;36,9187742475015;685,41374259906;66,0268936881675;-0,368092353193896;0;0,206117820245375;0;5,46557204527457;0;0;-1,66724241196643;0
0,225119047619047;-46,9930032806642;832,864647683082;76,5353735371083;-0,27700003147918;0;0,594319849715178;37,1347404378075;686,94301635621;66,34160665114;-0,368036614770222;0;0,205968980217973;0;5,44151161309542;0;0;-1,6135362000029;0
0,226071428571428;-47,2109324982824;835,133361825979;76,7712316486042;-0,277000865702761;0;0,594114402154264;37,3392655895137;688,500875889823;66,7750859977481;-0,367975727404488;0;0,205839725911908;0;5,41742302656663;0;0;-1,55670973618137;0
0,227023809523809;-47,4222358489511;837,301726997;76,9640143567276;-0,277001286440067;0;0,593877505904705;37,5354456109509;690,064413898241;67,2994063559846;-0,367916720835794;0;0,205722985545611;0;5,39330617867517;0;0;-1,49730160288595;0
0,22797619047619;-47,6335172416789;839,377209945861;77,1027335373491;-0,277001376602123;0;0,593612480792089;37,7273799913569;691,608196702302;67,8793479873167;-0,367866799607423;0;0,205609313753299;0;5,36916096267408;0;0;-1,43602238067269;0
0,228928571428571;-47,8513805854747;841,367277422279;77,1764010663392;-0,277001219099953;0;0,593322646642005;37,9191682199692;693,106790622847;68,4796911532119;-0,367833168262661;0;0,20548926516919;0;5,34498727181638;0;0;-1,37358265009767;0
0,229880952380952;-48,0824297893472;843,279396175971;77,1740288195683;-0,277000896844578;0;0,593011323280041;38,1149097860254;694,534761980714;69,0652161151376;-0,367823031344793;0;0,205353394427502;0;5,32078499935509;0;0;-1,31069299171694;0
0,230833333333333;-48,3332687623053;845,121032956654;77,084628672907;-0,277000492747025;0;0,592681830531785;38,3187041787631;695,866677096742;69,6007031345612;-0,367843593397101;0;0,205192256162453;0;5,29655403854325;0;0;-1,24806398608656;0
0,231785714285714;-48,6105014133575;846,899654514045;76,8972125022259;-0,277000089718315;0;0,592337488222825;38,5346508874199;697,077102291771;70,0509324729502;-0,367902058962871;0;0,204996405008261;0;5,27229428263388;0;0;-1,18640621376258;0
0,232738095238095;-48,9206986138768;848,622709502583;76,6008284963242;-0,276999770389992;0;0,591981600279134;38,7668352189739;698,140730152317;70,3807799170643;-0,368005567735812;0;0,204756443650963;0;5,24800562488574;0;0;-1,12642779334798;0
0,233690476190476;-49,2664336812959;850,295457048073;76,1889187084034;-0,27699958357645;0;0,591615546773356;39,0176264270045;699,047531411923;70,5666798140481;-0,368153412611047;0;0,204468789046777;0;5,22368795925265;0;0;-1,06853894712071;0
0,234642857142857;-49,6425160886176;851,918903885997;75,6634587299659;-0,276999512414151;0;0,591236971368773;39,2860609341101;699,817149238442;70,6075149547681;-0,368329646833549;0;0,204141150329546;0;5,19934118103831;0;0;-1,01257133838042;0
0,235595238095238;-50,0428632926766;853,493568179333;75,0274046015952;-0,276999532493581;0;0,590843088439081;39,5707922418828;700,472635973029;70,5047473129869;-0,368516572709766;0;0,203782534032241;0;5,17496518570148;0;0;-0,958290157693105;0
0,236547619047619;-50,4613927503075;855,019968091059;74,2837123638751;-0,276999619405225;0;0,590431112357973;39,8704738519149;701,037043956837;70,2598388624667;-0,368696492546144;0;0,203401946687837;0;5,15055986870095;0;0;-0,905460595624726;0
0,2375;-50,8920219183447;856,498621784154;73,4353380573895;-0,276999748739571;0;0,589998257499147;40,1837592657982;701,533425531024;69,8742515769699;-0,36885170864913;0;0,203008394829306;0;5,12612512549551;0;0;-0,853847842741269;0
0,238452380952381;-51,3286682536229;857,930047421594;72,4852377227219;-0,276999896087104;0;0,589541738236297;40,5093019851251;701,984833036742;69,3494474302589;-0,36896452332517;0;0,202610884989622;0;5,10166085154392;0;0;-0,803217089608708;0
0,239404761904762;-51,7652492129765;859,314763166357;71,4363674004562;-0,277000037038309;0;0,589058768943119;40,8457555114876;702,414318815147;68,6868883960962;-0,369017238880712;0;0,202218423701756;0;5,07716694230498;0;0;-0,753333526793024;0
0,240357142857143;-52,1957370193725;860,653238200992;70,2917993886589;-0,277000147438328;0;0,588546643858003;41,1917845290474;702,844919436688;67,8883842233244;-0,368992529754073;0;0,201839871801946;0;5,05264329323965;0;0;-0,703960486272477;0
0,241309523809524;-52,6165845987404;861,943723076015;69,0598720187858;-0,277000214667139;0;0,588006274794247;41,5465602509542;703,298957117193;66,9714975838763;-0,368889926579147;0;0,201477490603887;0;5,02808979990762;0;0;-0,654777112885541;0
0,242261904761905;-53,0276870298524;863,181389831263;67,7562306203799;-0,277000242110142;0;0,587443593209148;41,9099567355679;703,79776285435;65,97564945752;-0,368732349167161;0;0,201124384111584;0;5,00350635800561;0;0;-0,605345735791024;0
0,243214285714286;-53,4291929383903;864,361183745326;66,397058752072;-0,277000234331685;0;0,586864900303964;42,2818998124043;704,362594633312;64,941870893841;-0,36854444016209;0;0,200772981807112;0;4,97889286324041;0;0;-0,555220079574988;0
0,244166666666667;-53,821250950036;865,478050096797;64,9985399724924;-0,277000195896115;0;0,586276497279952;42,6623153109791;705,014710439235;63,9111929424245;-0,368350842207908;0;0,200415713172547;0;4,95424921131884;0;0;-0,503953868823489;0
0,245119047619048;-54,2040096904714;866,526934164265;63,5768578402718;-0,277000131367781;0;0,585684685338372;43,051129060808;705,775368257272;62,9246466528558;-0,368176197948589;0;0,200045007689966;0;4,92957529794769;0;0;-0,45110082812259;0
0,246071428571429;-54,5776177853782;867,502781226322;62,1481959140405;-0,277000045311032;0;0,58509576568048;43,4482668914068;706,665826072578;62,0232630747203;-0,368045150028105;0;0,199653294841445;0;4,90487101883378;0;0;-0,396214682058346;0
0,24702380952381;-54,9422238604383;868,400536561558;60,7287377524292;-0,276999942290214;0;0,584516039507536;43,8536546322913;707,707341870308;61,2480732576033;-0,367982341090432;0;0,19923300410906;0;4,88013626968389;0;0;-0,338849155216818;0
0,24797619047619;-55,2979021736388;869,215621176467;59,3342443700247;-0,276999827255472;0;0,583951504878332;44,2672798519665;708,920251913741;60,6386449982891;-0,368011161684258;0;0,198776895625228;0;4,85537094619725;0;0;-0,27857808975507;0
0,248928571428571;-55,6430165259888;869,954397819285;57,9707582684106;-0,276999714030256;0;0,583401187574975;44,6905501156952;710,303692863066;60,2008912791376;-0,368126204166743;0;0,198285334480172;0;4,8305749438987;0;0;-0,215438031963179;0
0,249880952380952;-55,9742202615193;870,634170979992;56,6346034361671;-0,276999625311321;0;0,582857141102884;45,1262929854975;711,835601775373;59,9070702680848;-0,368293262703513;0;0,197766290721927;0;4,80574815813866;0;0;-0,149928232264261;0
0,250833333333333;-56,2880923565667;871,27272087647;55,3216813178308;-0,27699958418122;0;0,582311115825016;45,577397762383;713,492993985882;59,7279768802654;-0,368476879364911;0;0,197228065048867;0;4,78089048426001;0;0;-0,08256805865242;0
0,251785714285714;-56,5812117874672;871,8878277266;54,0278933579385;-0,276999613722503;0;0,581754862104323;46,0467537473613;715,252884829813;59,6344060308142;-0,36864159622128;0;0,196678958159365;0;4,75600181760558;0;0;-0,0138768791217703;0
0,252738095238095;-56,8501894720713;872,497247506778;52,7491318972134;-0,276999736854972;0;0,581180154125318;46,537254426318;717,092351252727;59,5971693209;-0,368752080337725;0;0,196127239431882;0;4,73108205351356;0;0;0,0556265220725882;0
0,253690476190476;-57,0955012514252;873,115802973464;51,4801877149709;-0,276999956805654;0;0,580581648480662;47,0522996551497;718,995925051882;59,5890973618235;-0,368788123145624;0;0,19557738853558;0;4,7061310867544;0;0;0,125493993095096;0
0,254642857142857;-57,3251292223688;873,752620133656;50,2137121944034;-0,277000238555274;0;0,57995959982844;47,5962727356421;720,962616455505;59,5869419829098;-0,368758889845564;0;0,195026524960393;0;4,68114881099603;0;0;0,195414560776273;0
0,255595238095238;-57,5479179026204;874,416170474203;48,9421109157447;-0,277000542690306;0;0,579314906008719;48,1736699612358;722,993099171129;59,5679055364061;-0,368676920496718;0;0,194470922558645;0;4,6561351197797;0;0;0,265093012899765;0
0,256547619047619;-57,7727118098985;875,114925481953;47,6577894592284;-0,277000829797219;0;0,578648464861571;48,7889876253718;725,088046906285;59,5091903745592;-0,368554755158261;0;0,193906855182659;0;4,63108990664665;0;0;0,3342341372492;0
0,2575;-58,0083554619213;875,857356643756;46,3531534050882;-0,277001060462486;0;0,577961174227061;49,4467220214908;727,248133368506;59,3879988496162;-0,36840493388937;0;0,193330596684758;0;4,60601306513813;0;0;0,402542721608226;0
0,258452380952381;-58,2636933764073;876,651935446458;45,0206083335578;-0,277001195272578;0;0,577253931945259;50,1513694430337;729,474032265323;59,1815333138243;-0,368239996749218;0;0,192738420917265;0;4,58090448879538;0;0;0,469723553760478;0
0,259404761904762;-58,5475700710747;877,50713337691;43,6525598248707;-0,277001194813966;0;0,576527635856235;50,9074261834413;731,766417304268;58,8669961194305;-0,368072483796981;0;0,192126601732502;0;4,55576407115965;0;0;0,535481421489602;0
0,260357142857143;-58,8686845840052;878,431262013657;42,2415564803698;-0,277001020678466;0;0,575783211000724;51,7192802600809;734,125802399018;58,4219822364444;-0,367914804806209;0;0,191491463307049;0;4,53059170575101;0;0;0,599526604291571;0
0,261309523809524;-59,2291462645517;879,425389681415;40,7866252279247;-0,277000679996227;0;0,575022814508987;52,58641518521;736,545463393377;57,8418707653852;-0,367773468094202;0;0,190831609319863;0;4,50538728513029;0;0;0,661818135891731;0
0,262261904761905;-59,6219207974944;880,480534171993;39,2957821369565;-0,2770002430851;0;0,574250313123652;53,5015091193518;739,00863279136;57,146717560226;-0,367646793285492;0;0,190148806422538;0;4,4801507005273;0;0;0,722660214305865;0
0,263214285714286;-60,0393003507766;881,586972960983;37,7777054116493;-0,276999784917301;0;0,573469699516364;54,456738944911;741,497803310607;56,3583961497672;-0,36753249683042;0;0,189445054249334;0;4,45488184307383;0;0;0,782382462143938;0
0,264166666666667;-60,4735770923419;882,734983523978;36,2410732561877;-0,276999380465048;0;0,572684966358768;55,4442815442924;743,995467668759;55,4987800628092;-0,36742829517933;0;0,188722352434509;0;4,42958060390165;0;0;0,841314502015904;0
0,265119047619048;-60,9170431901337;883,914843336572;34,6945638747561;-0,276999104700558;0;0,571900106322512;56,4563137999009;746,484118583456;54,5897428281524;-0,367331904782564;0;0,187982700612324;0;4,40424687414253;0;0;0,899785956531723;0
0,266071428571429;-61,3619908120957;885,11682987436;33,1468554715388;-0,276999032596048;0;0,571119112079239;57,4850125941413;748,94624877234;53,6531579745971;-0,367241042090466;0;0,187228098417035;0;4,37888054492825;0;0;0,95812644830136;0
0,267023809523809;-61,8007121261711;886,331220612934;31,6066262507204;-0,276999239123735;0;0,570345976300596;58,5225548094182;751,36435095305;52,7108990309438;-0,367153423553379;0;0,186460545482902;0;4,35348150739059;0;0;1,01666559993476;0
0,26797619047619;-62,2256364431764;887,548614454882;30,0822829514744;-0,276999786337008;0;0,569584519609796;59,5612279469809;753,721314885487;51,7841825289674;-0,367066800897121;0;0,185681931992441;0;4,32804965262154;0;0;1,07573595195467;0
0,268928571428571;-62,6323473600024;888,767003123693;28,575988617726;-0,27700043915617;0;0,568834605516108;60,5958637414946;756,009162301516;50,8791140688597;-0,366979737183433;0;0,184891630738055;0;4,30258487079827;0;0;1,13573715687754;0
0,269880952380952;-63,0195827596147;889,99177116375;27,0836625981517;-0,277000665368445;0;0,568092140414858;61,6238381610418;758,229046904963;49,986688319229;-0,366891606809983;0;0,184086497122037;0;4,27708705118305;0;0;1,19713597921356;0
0,270833333333333;-63,3862176678517;891,228624546431;25,6009527764173;-0,276999919842224;0;0,567352858652936;62,6426377925485;760,382519441917;49,0972429516586;-0,36680181944991;0;0,183263277094935;0;4,25155608299842;0;0;1,2604021013857;0
0,271785714285714;-63,7311271105516;892,483269243117;24,1235070361887;-0,276997657445901;0;0,566612494577237;63,6497492229412;762,471130658465;48,2011156377313;-0,366709784776356;0;0,1824187166073;0;4,22599185546691;0;0;1,3260052058169;0
0,272738095238095;-64,0531861135528;893,761411225187;22,6469732611317;-0,276993333047867;0;0,565866782534651;64,6426590391462;764,496431300694;47,2886440490304;-0,366614912462463;0;0,181549561609681;0;4,20039425781103;0;0;1,39441497493014;0
0,273690476190476;-64,3512697026937;895,06875646402;21,166999334912;-0,276986401516515;0;0,56511145687207;65,6188538280898;766,459972114692;46,3501658571389;-0,366516612181371;0;0,180652558052625;0;4,17476317925331;0;0;1,46610109114837;0
0,274642857142857;-64,6242529038126;896,411010930996;19,6792331411954;-0,276976317720238;0;0,564342251936389;66,5758201766984;768,363303846546;45,3760187336398;-0,366414293606221;0;0,179724451886683;0;4,14909850901627;0;0;1,54153323689456;0
0,275595238095238;-64,8719259565702;897,793429673359;18,1800221032623;-0,276962770133069;0;0,563555163479907;67,5111644200157;770,209188794214;44,356670059602;-0,366307308756696;0;0,178762302956136;0;4,12340013631383;0;0;1,621091730588;0
0,276547619047619;-65,1065040434804;899,215145992304;16,6752105941979;-0,276948618659217;0;0,562749736094766;68,4241185935278;772,01683728384;43,2843481520736;-0,366194226949117;0;0,177767432526601;0;4,0976679502431;0;0;1,70394368493423;0
0,2775;-65,3491567990954;900,670881347292;15,1774872826753;-0,276939008800478;0;0,561928071963632;69,3150863483019;773,81731346506;42,1525504057116;-0,366073053418364;0;0,176744232999984;0;4,07190183981704;0;0;1,78838187522694;0
0,278452380952381;-65,6212515441532;902,155259798173;13,6996919379239;-0,276939136517468;0;0,561092329732742;70,1844972009985;775,641943182717;40,954802232422;-0,365941780946168;0;0,175697164579238;0;4,04610169404671;0;0;1,87267977413501;0
0,279404761904762;-65,9441555993918;903,662905404793;12,2546643291734;-0,276954197770801;0;0,560244668048331;71,0327806682782;777,522052281655;39,6846290441109;-0,36579840231426;0;0,174630687467318;0;4,0202674019432;0;0;1,95511085432735;0
0,280357142857143;-66,3388919043596;905,188495450451;10,8548694272271;-0,276989305343914;0;0,559387216366996;71,8603812168815;779,488489290979;38,3356635120319;-0,365640963719178;0;0,17354922379345;0;3,99439885251799;0;0;2,03397377368716;0
0,281309523809524;-66,8108842062105;906,729118043508;9,49579522232698;-0,277045804402069;0;0,558520781962841;72,6684204967986;781,550482104851;36,9063967586402;-0,365469930850338;0;0,172455471088029;0;3,96849593480075;0;0;2,10870798702795;0
0,282261904761905;-67,3439112566009;908,285206484591;8,14937292956139;-0,277119812270763;0;0,557644337487162;73,4589597982285;783,687258439584;35,4020613550316;-0,365289126616625;0;0,171349733877179;0;3,94255853784634;0;0;2,18033588652275;0
0,283214285714286;-67,9201574498287;909,857440479177;6,78579858611982;-0,277207061195959;0;0,556756720454044;74,2341296247032;785,875836216423;33,828386443357;-0,365102621217695;0;0,170232140419774;0;3,9165865507115;0;0;2,24999646255903;0
0,284166666666667;-68,5218071801915;911,446499732744;5,37526822919195;-0,277303283423615;0;0,555856768377572;74,9960604797545;788,093233356615;32,1911011657674;-0,364914484853202;0;0,169102818974684;0;3,89057986245296;0;0;2,3188287055243;0
0,285119047619048;-69,1310448419874;913,053063950769;3,88797789596722;-0,277404211199695;0;0,554943318771829;75,7468828669143;790,316467781405;30,4959346644136;-0,364728787722801;0;0,167961897800778;0;3,86453836212747;0;0;2,38797160580602;0
0,286071428571429;-69,7300548295142;914,67781283873;2,29412362363525;-0,277505576770159;0;0,554015209150898;76,4887272897146;792,52255741204;28,7486160814465;-0,364549600026148;0;0,166809505156929;0;3,83846193879175;0;0;2,4585641537917;0
0,287023809523809;-70,3010215370697;916,321426102103;0,563901449385604;-0,277603112380969;0;0,553071277028865;77,2237242516872;794,688520169764;26,9548745590171;-0,364380991962896;0;0,165645769302007;0;3,81235048150255;0;0;2,5317453398688;0
0,28797619047619;-70,8266119120357;917,983975251954;-1,33123669516209;-0,277692635473007;0;0,552110457031392;77,9540704040325;796,791877172942;25,1202967116304;-0,3642268869031;0;0,164470777369009;0;3,78620387935522;0;0;2,6086268919936;0
0,288928571428571;-71,3005916227234;919,651543327855;-3,39095330649886;-0,277771922970368;0;0,551133917350489;78,6834837943242;798,821723073668;23,2471910179337;-0,364087831136004;0;0,163283670595832;0;3,76002202233354;0;0;2,68969350220408;0
0,289880952380952;-71,7278250583735;921,296224897885;-5,58602530922584;-0,277840711280355;0;0,550145059744504;79,4172038665098;800,778726057762;21,3345878207172;-0,363960993870042;0;0,162082644325273;0;3,7338048013097;0;0;2,77480282661994;0
0,290833333333333;-72,1136591613103;922,889506335709;-7,88597373351445;-0,277898822005194;0;0,549147383083368;80,1605362122048;802,664057508166;19,3813749351251;-0,363843397484046;0;0,160865852774253;0;3,70755210719452;0;0;2,86378525892969;0
0,291785714285714;-72,4634408738586;924,402874014996;-10,2603196095361;-0,27794607674711;0;0,548144386237012;80,918786423025;804,478888807819;17,3864401763012;-0,363732064356849;0;0,159631450159695;0;3,68126383089883;0;0;2,95647119282182;0
0,292738095238095;-72,7825171383427;925,80781430941;-12,6785839674619;-0,27798229710833;0;0,547139568075366;81,6972600905862;806,224391339661;15,3486713593899;-0,363624016867283;0;0,158377590698523;0;3,65493986333343;0;0;3,05269102198479;0
0,293690476190476;-73,0762348970873;927,075813592619;-15,1102878374634;-0,278007304691079;0;0,546136427468361;82,5012628065041;807,901736486633;13,2669562995352;-0,363516277394182;0;0,157102428607658;0;3,62858009540916;0;0;3,15227514010711;0
0,294642857142857;-73,3499410924168;928,178358238288;-17,5249522497117;-0,278020921097583;0;0,545138463285927;83,3361001623943;809,512095631675;11,1401828118813;-0,363405868316378;0;0,155804118104023;0;3,60218441803682;0;0;3,25505394087727;0
0,295595238095238;-73,6092176159548;929,089917229958;-19,8934316312938;-0,278023181304611;0;0,544148913368307;84,2064923092074;811,057258032229;8,96743871454357;-0,363289934928143;0;0,154481299540192;0;3,57575272225483;0;0;3,36082597105613;0
0,296547619047619;-73,8628360310099;929,825451462798;-22,2046826058215;-0,278017017061714;0;0,543167471816696;85,1092114554208;812,547401209968;6,75052706597844;-0,363167291223733;0;0,153139213046335;0;3,54928490083371;0;0;3,46895742351531;0
0,2975;-74,121866644833;930,429103686972;-24,460707752328;-0,278007447774964;0;0,542191278817822;86,0353018580426;813,998747970685;4,493207753715;-0,363037953802051;0;0,151787855103829;0;3,52278084779229;0;0;3,57850290078668;0
0,298452380952381;-74,3974305137234;930,945660896376;-26,6637976635801;-0,277999538939334;0;0,541217418176002;86,9756813188969;815,427654581068;2,19928386592431;-0,362901965811735;0;0,150437327199354;0;3,49624045717695;0;0;3,68851012646572;0
0,299404761904762;-74,7006486939809;931,419910084907;-28,816242932345;-0,277998356049797;0;0,540242973695549;87,9212676398079;816,850477307803;-0,127441509222742;-0,362759370401423;0;0,149097730819589;0;3,46966362303409;0;0;3,79802682414794;0
0,300357142857143;-75,042642241905;931,896638246463;-30,9203341513898;-0,278008964601326;0;0,539265029180779;88,8629786226;818,283572417577;-2,4831652835553;-0,362610210719752;0;0,147779167451211;0;3,44305023941009;0;0;3,90610071742882;0
0,301309523809524;-75,4345322137952;932,420632374938;-32,9783619134811;-0,278036430088895;0;0,538280668436008;89,7917320690972;819,743296177077;-4,8640843689022;-0,36245452991536;0;0,146491738580901;0;3,41640020035135;0;0;4,01177952990386;0
0,302261904761905;-75,8874396659511;933,03667946423;-34,9926168113861;-0,278085818007477;0;0,53728697526555;90,6984457811238;821,246004852989;-7,26639567709269;-0,362292371136883;0;0,145245545695336;0;3,38971339990424;0;0;4,11411098516857;0
0,303214285714286;-76,4102844755255;933,784491342524;-36,965727050778;-0,278161206814346;0;0,536281617622684;91,5745059036069;822,806319170062;-9,68523390383314;-0,362123937709306;0;0,14404899631037;0;3,36298973236538;0;0;4,21233804046567;0
0,304166666666667;-76,9928281085804;934,659607099414;-38,9032593200327;-0,278258084083109;0;0,535267347720194;92,4153749010734;824,423754210245;-12,1064885304314;-0,361950827085068;0;0,142895754121711;0;3,33622909420904;0;0;4,30740290885662;0
0,305119047619048;-77,6149674875945;935,634821563342;-40,8122933135134;-0,27836751399621;0;0,534249535623631;93,2186141089926;826,090047256429;-14,5112887363127;-0,361775354543936;0;0,141771891326181;0;3,30943138303081;0;0;4,40112273937757;0
0,306071428571429;-78,2565180098929;936,682741593653;-42,699921229765;-0,278480524179138;0;0,53323357303369;93,981802208875;827,796871312174;-16,880724359565;-0,361599841298136;0;0,140663417380943;0;3,28259649643554;0;0;4,49532191194051;0
0,307023809523809;-78,8972950728009;937,775974049689;-44,5732352673325;-0,278588142257382;0;0,532224851651069;94,702517882231;829,535899381042;-19,195885238276;-0,361426608559892;0;0,13955634174316;0;3,25572433202807;0;0;4,59182480645744;0
0,30797619047619;-79,5176474942609;938,887753152203;-46,4390112880222;-0,278681668073371;0;0,531228641895469;95,3787301180944;831,29879238908;-21,4381809852811;-0,361257958147022;0;0,138437078150001;0;3,22881478750062;0;0;4,69240271399606;0
0,308928571428571;-80,1101927664153;940,005742434319;-48,2967494086556;-0,278758662459052;0;0,530247424723717;96,0173849785393;833,076933479576;-23,59637603262;-0,361095745805975;0;0,137301338778775;0;3,20186776255495;0;0;4,79760588220604;0
0,309880952380952;-80,6798170556059;941,132034741535;-50,1386740010691;-0,2788229472359;0;0,529280891629767;96,63440559868;834,861428013054;-25,6665896315359;-0,36094138121183;0;0,136154134246931;0;3,17488315890237;0;0;4,90676351531893;0
0,310833333333333;-81,2319399487919;942,269350280758;-51,9566931003608;-0,278878616442324;0;0,528328612826574;97,2461054211544;836,643369272528;-27,6452608080201;-0,360796254645262;0;0,135000879451924;0;3,14786087834155;0;0;5,01915172872206;0
0,311785714285714;-81,7719810329324;943,420409258893;-53,7427147416285;-0,278929764116733;0;0,527390158527098;97,8687978886002;838,41385054101;-29,5288285880639;-0,360661756386943;0;0,133846989291209;0;3,12080082267118;0;0;5,13404663780272;0
0,312738095238095;-82,3053598949869;944,587931882846;-55,4886469599702;-0,278980484297536;0;0,526465098944296;98,5187964436552;840,163965101515;-31,3137319976586;-0,360539276717546;0;0,132697878662241;0;3,09370289368992;0;0;5,25072435794822;0
0,313690476190476;-82,8374961219144;945,774638359522;-57,1863977904838;-0,279034871023143;0;0,525553004291125;99,2124145289573;841,884806237055;-32,9964100627954;-0,360430205917743;0;0,131558962462475;0;3,06656699319645;0;0;5,36846100454587;0
0,314642857142857;-83,3738093006742;946,983248895829;-58,8278752682674;-0,279097018331963;0;0,524653444780544;99,9659655871443;843,567467230643;-34,5733018094656;-0,360335934268208;0;0,130435655589366;0;3,03939302298946;0;0;5,48653269298298;0
0,315595238095238;-83,9195687405999;948,216695798278;-60,4056427611882;-0,279170789228733;0;0,523765813540253;100,794379250392;845,204353068707;-36,0415833548046;-0,360257556039669;0;0,129333242798089;0;3,012180885118;0;0;5,60425521475526;0
0,316547619047619;-84,4780035819799;949,480790837643;-61,921160434793;-0,279256910205045;0;0,522887099588517;101,693798540054;846,805676423201;-37,4084375653202;-0,360192146871837;0;0,12825524203223;0;2,98493048503033;0;0;5,7214830042064;0
0,3175;-85,0508726488138;950,78342096725;-63,382300230445;-0,279353847319039;0;0,522012559341451;102,646827275926;848,394483672273;-38,6882590072737;-0,360133886243121;0;0,127203897923309;0;2,95764173062447;0;0;5,83845868672483;0
0,318452380952381;-85,6399023051338;952,132518953939;-64,7970756413858;-0,27946001672558;0;0,521137410964757;103,635770374747;849,994104522006;-39,895601458614;-0,360076889693782;0;0,126181426992112;0;2,93031452985253;0;0;5,95543345773844;0
0,319404761904762;-86,2468189149723;953,536017564552;-66,1735001608573;-0,279573834579532;0;0,520256872624136;104,642932753253;851,627868678484;-41,0450186972896;-0,36001527276408;0;0,125190045759429;0;2,90294879066659;0;0;6,07265851267511;0
0,320357142857143;-86,8733488423616;955,00184956593;-67,5195872821009;-0,27969371703576;0;0,519366162485289;105,650619328184;853,31910584779;-42,1510645012494;-0,359943150994276;0;0,124231970746047;0;2,87554442101877;0;0;6,1903850469627;0
0,321309523809524;-87,5212184513341;956,537947724914;-68,8433504983584;-0,279818080249129;0;0,518460498713918;106,641135016276;855,091145736008;-43,2282926484419;-0,35985463992463;0;0,123309418472753;0;2,84810132886115;0;0;6,30886425602911;0
0,322261904761905;-88,1921541059222;958,152244808344;-70,1528033028714;-0,279945340374505;0;0,517535099475723;107,596784734268;856,967318049221;-44,2912569168159;-0,359743855095403;0;0,122424605460335;0;2,82061942214584;0;0;6,42834733530219;0
0,323214285714286;-88,8876096331325;959,849930904722;-71,455259699029;-0,280074005599217;0;0,516586062232001;108,501736495497;858,9670293906;-45,3543846476627;-0,359605777345735;0;0,121578924496955;0;2,79309860932482;0;0;6,54901515816924;0
0,324166666666667;-89,6066667784532;961,612324642924;-72,7519455377993;-0,2802033851339;0;0,515617137572361;109,35637415408;861,075540837968;-46,4310027150704;-0,359442918819831;0;0,120766598846075;0;2,76553880320091;0;0;6,67043653581227;0
0,325119047619048;-90,347185917739;963,408453389637;-74,0409519193297;-0,280333200630977;0;0,514636016633335;110,169430997048;863,260532156097;-47,5338713695891;-0,359261669482801;0;0,119978160228648;0;2,73793991881713;0;0;6,79186513249061;0
0,326071428571429;-91,1070173328808;965,207242930868;-75,3203440367355;-0,280463177151479;0;0,513650423117959;110,949709315006;865,489537809648;-48,6757461789289;-0,359068451347862;0;0,119204109857014;0;2,71030187123503;0;0;6,91255200794354;0
0,32702380952381;-91,8840113057698;966,977619052625;-76,5881870831327;-0,280593039756439;0;0,512668080729267;111,706011398563;867,730092263284;-49,8693827108006;-0,358869686428233;0;0,118434948943513;0;2,68262457551617;0;0;7,03174822191036;0
0,327976190476191;-92,6760181182968;968,688507540916;-77,8425462516369;-0,280722513506889;0;0,511696713170293;112,447139538325;869,94972998167;-51,1275365329148;-0,358671796737128;0;0,117661178700482;0;2,65490794672206;0;0;7,1487048341304;0
0,328928571428571;-93,4808880523526;970,308834181747;-79,0814867353635;-0,280851323463861;0;0,510744044144074;113,181896024899;872,115985429466;-52,4629632129816;-0,358481204287767;0;0,116873300340261;0;2,62715189991429;0;0;7,26267290434291;0
0,329880952380952;-94,2964713898284;971,807524761128;-80,3030737274285;-0,280979194688386;0;0,509817797353643;113,919083148893;874,196393071338;-53,8884183187122;-0,358304331093366;0;0,116061815075189;0;2,59935635015437;0;0;7,37290349228723;0
0,330833333333333;-95,1201377041996;973,158961998977;-81,5076904845367;-0,281105909743825;0;0,508923257106526;114,66531848673;876,163401227593;-55,4123888611628;-0,358146513307101;0;0,115219227607104;0;2,57152121320311;0;0;7,47882282666197;0
0,331785714285714;-95,9464493999742;974,36939520013;-82,7092569437731;-0,28123158698701;0;0,508051462493906;115,414461648335;878,018153416383;-57,0184349739064;-0,358006746039405;0;0,114349742315585;0;2,54364640890466;0;0;7,58088006160481;0
0,332738095238095;-96,7689528070209;975,456608004951;-83,9265927393132;-0,281356466317593;0;0,507188296450275;116,155754407531;879,772179585432;-58,6810943311158;-0,357881729215494;0;0,113461798361222;0;2,51573185858119;0;0;7,67989460634236;0
0,333690476190476;-97,5811928537266;976,438399963235;-85,1785242635366;-0,281480787802873;0;0,506319634798185;116,878432168711;881,437024008573;-60,3748921621931;-0,357768159594809;0;0,112563840745683;0;2,48777748355688;0;0;7,77668638079797;0
0,334642857142857;-98,3767144684777;977,332570624773;-86,483877908822;-0,281604791510147;0;0,505431353360191;117,571730336269;883,024230959639;-62,0743536965397;-0,357662733936795;0;0,111664314470635;0;2,45978320515596;0;0;7,87207530489494;0
0,335595238095238;-99,1492728165421;978,156033337892;-87,860465479161;-0,281728772315517;0;0,504510229847026;118,225290027779;884,545020648298;-63,7553826290617;-0,357562257755263;0;0,110771206272572;0;2,43174894492275;0;0;7,96679941197406;0
0,336547619047619;-99,8954772390839;978,913670379814;-89,3123247265948;-0,281853769179397;0;0,503555286003398;118,834260322924;886,00621378908;-65,4125967023499;-0,357465013013366;0;0,10988628148;0;2,40367462739041;0;0;8,06048504313154;0
0,3375;-100,613994034911;979,601693432615;-90,8335666703799;-0,281981357311534;0;0,502574367647994;119,397759799131;887,411460452702;-67,0541005654879;-0,357370345727016;0;0,109006821754975;0;2,37556017924602;0;0;8,15195736114004;0
0,338452380952381;-101,303534913998;980,216122758852;-92,4180831786815;-0,282113123760375;0;0,501575515407349;119,914994667872;888,764340712023;-68,6882966161086;-0,357277625403073;0;0,108130009774272;0;2,34740552722425;0;0;8,24002384127038;0
0,339404761904762;-101,962811586319;980,752978621085;-94,0597661196645;-0,282250655574369;0;0,500566769907999;120,385171140617;890,0684346399;-70,3235872518445;-0,357186221548393;0;0,107253028214669;0;2,31921059805975;0;0;8,32349195879338;0
0,340357142857143;-102,590535761848;981,208281281874;-95,7525073614942;-0,282395539801962;0;0,499556171776478;120,807495428839;891,327322309189;-71,9683748703286;-0,357095503669835;0;0,106373059752943;0;2,29097531848717;0;0;8,40116918897986;0
0,341309523809524;-103,18541915056;981,578051003776;-97,4901987723352;-0,282549363491602;0;0,498551761639322;121,18117374401;892,54458379275;-73,6310618691934;-0,357004841274256;0;0,105487287065871;0;2,26269961524116;0;0;8,47186300710063;0
0,342261904761905;-103,746173462429;981,858308049352;-99,2667322203528;-0,282713713691737;0;0,497561580123066;121,505412297601;893,723799163438;-75,3200506460716;-0,356913603868516;0;0,104592892830229;0;2,23438341505639;0;0;8,53438088842654;0
0,343214285714286;-104,271911757335;982,045509165138;-101,076075352283;-0,282889829408869;0;0,496592536376707;121,779784448296;894,867058572268;-77,0422105842077;-0,356821145477293;0;0,103687602875622;0;2,20602664515407;0;0;8,58769370109851;0
0,344166666666667;-104,765240325817;982,13991012489;-102,912855369097;-0,283075920395515;0;0,495641691504016;122,007059095331;895,963484331966;-78,7910681638374;-0,356726685372977;0;0,102773870472916;0;2,1776292369904;0;0;8,63219443638636;0
0,345119047619048;-105,230564100584;982,143722797231;-104,772039072028;-0,283268636660655;0;0,494701035913131;122,191650501371;896,995521698102;-80,5532796896046;-0,356629373444862;0;0,10185658302231;0;2,14919112420213;0;0;8,66900832768157;0
0,346071428571428;-105,672302879157;982,059175216857;-106,648596068926;-0,283464615322827;0;0,493762518105617;122,33798652713;897,945560743954;-82,3154446878425;-0,356528359008829;0;0,100940648040775;0;2,12071224044404;0;0;8,69926665996339;0
0,347023809523809;-106,094876459055;981,888495418462;-108,53749596764;-0,283660493500566;0;0,492818086583039;122,450495033319;898,795991542802;-84,0641626848845;-0,356422791380759;0;0,100030973045282;0;2,0921925193709;0;0;8,72410071821109;0
0,34797619047619;-106,502704637799;981,633911436743;-110,433708376017;-0,283852908312411;0;0,49185968984696;122,53360388065;899,529204167923;-85,7860332070637;-0,356311819876532;0;0,0991324655528017;0;2,06363189463749;0;0;8,74464178740393;0
0,348928571428571;-106,900207212909;981,297651306395;-112,332202901906;-0,284038496876897;0;0,490879276398946;122,591740929836;900,127588692598;-87,4676557807133;-0,356194593812029;0;0,098250033080304;0;2,03503029989858;0;0;8,76202115252117;0
0,349880952380952;-107,291803981905;980,881943062113;-114,227949153156;-0,284213896312561;0;0,48986879474056;122,629334041588;900,573535190103;-89,0956299321668;-0,35607026250313;0;0,0973885831447596;0;2,00638766880895;0;0;8,77737009854207;0
0,350833333333333;-107,68172740125;980,388544612483;-116,116101328545;-0,284376443827866;0;0,488821989186208;122,650724049917;900,852028594966;-90,6578946681055;-0,355938061026999;0;0,0965515023349775;0;1,97770393576454;0;0;8,79175063235275;0
0,351785714285714;-108,073115921171;979,816468494083;-117,992891573298;-0,284527564911503;0;0,48774309096901;122,659743583342;900,963206923575;-92,1502110918245;-0,355797725276692;0;0,0957332955514039;0;1,94897903948944;0;0;8,80582020101262;0
0,352738095238095;-108,468712008609;979,163733536698;-119,854942202973;-0,284670164834078;0;0,4866401271364;122,660041321816;900,912692957347;-93,5711715697451;-0,355649172419113;0;0,0949252529046387;0;1,92021292027432;0;0;8,82008981829385;0
0,353690476190476;-108,871257584322;978,428357199483;-121,698876071293;-0,284807150907272;0;0,485521129971417;122,655265691568;900,70611704289;-94,9193723734801;-0,3554923198712;0;0,0941186600710887;0;1,89140551841206;0;0;8,83507029599164;0
0,354642857142857;-109,283494569066;977,608356941594;-123,52131603198;-0,284941430442768;0;0,484394131757101;122,649065118828;900,349109526815;-96,1934097746416;-0,35532708504989;0;0,093304802727161;0;1,86255677419549;0;0;8,85127244590123;0
0,355595238095238;-109,708164883601;976,701750222185;-125,318884938759;-0,285075910752248;0;0,483267164776492;122,645088029826;899,847300755731;-97,3918800448421;-0,355153385372122;0;0,0924749665492624;0;1,83366662791747;0;0;8,86920707981781;0
0,356547619047619;-110,148010448684;975,706554500412;-127,088205645351;-0,285213499147394;0;0,482148261312628;122,646982850791;899,206321076247;-98,5133794556938;-0,354971138254833;0;0,0916204372138;0;1,80473501987086;0;0;8,8893850095366;0
0,3575;-110,605773185072;974,62078723543;-128,82590100548;-0,28535710293989;0;0,48104545364855;122,658398007955;898,431800834973;-99,5565042788094;-0,354780261114961;0;0,0907325003971805;0;1,77576189034849;0;0;8,91231704685283;0
0,358452380952381;-111,080662966502;973,452277656772;-130,532285425176;-0,285509153887885;0;0,479965500663107;122,681235242939;897,536912339029;-100,531414937324;-0,354581364781065;0;0,0898058991450792;0;1,7467471804605;0;0;8,93800038473;0
0,359404761904762;-111,55776147863;972,24810207548;-132,222439519697;-0,285670181535403;0;0,478910067618385;122,710409558939;896,564995737582;-101,494528460462;-0,354377833728193;0;0,0888492059802437;0;1,71769083458604;0;0;8,96437774080479;0
0,360357142857143;-112,018618360089;971,065148572973;-133,915135456606;-0,285840239872935;0;0,477879546372283;122,739089274545;895,566933140308;-102,513826028973;-0,354173745843014;0;0,0878744507946903;0;1,68859279792156;0;0;8,9888782138822;0
0,361309523809524;-112,444783249516;969,960305230672;-135,629145403467;-0,286019382890973;0;0,476874328782697;122,760442708345;894,593606656883;-103,657288823604;-0,353973179012198;0;0,0868936634804349;0;1,65945301566349;0;0;9,00893090276721;0
0,362261904761905;-112,817805785544;968,990460129996;-137,383241527846;-0,286207664580008;0;0,475894806707524;122,767638178929;893,695898396985;-104,992898025103;-0,353780211122414;0;0,0859188739294933;0;1,63027143300827;0;0;9,0219649062648;0
0,363214285714286;-113,119727643975;968,206762993912;-139,191727733451;-0,286404777505984;0;0,474941335286366;122,753765270876;892,921676370766;-106,5784847037;-0,353598587255522;0;0,0849616050697827;0;1,60104799535362;0;0;9,02565753720368;0
0,364166666666667;-113,336873046338;967,610418573677;-141,03001747934;-0,286607268502677;0;0,474013950073671;122,711228291282;892,29257475918;-108,383536375095;-0,353429155858936;0;0,084028967363913;0;1,57178264984921;0;0;9,01984648973004;0
0,365119047619048;-113,457771269618;967,176915273409;-142,853499782854;-0,286810064686446;0;0,473112522071531;122,632078702237;891,816720111977;-110,332053022661;-0,353271273921485;0;0,0831257993242723;0;1,54247534454675;0;0;9,00548182454082;0
0,366071428571429;-113,470969814398;966,881528965433;-144,617398170081;-0,287008079787559;0;0,472236920922099;122,508365049759;891,502127345592;-112,34765869975;-0,35312428610589;0;0,0822569206868007;0;1,51312602750544;0;0;8,98352279544492;0
0,36702380952381;-113,365016181262;966,699535522073;-146,276936167109;-0,287196227536281;0;0,47138701626753;122,332135879864;891,356811376459;-114,353977459716;-0,352987537074875;0;0,0814271511874382;0;1,48373464678444;0;0;8,95492865625127;0
0,367976190476191;-113,128457870795;966,606210815654;-147,787337300025;-0,287369421662878;0;0,470562677749978;122,095439738571;891,388787121012;-116,274633355911;-0,352860371491164;0;0,080641310562125;0;1,45430115044293;0;0;8,92065866076877;0
0,368928571428571;-112,74984238358;966,5768307185;-149,103825094917;-0,287522575897617;0;0,469763775011597;121,790325171895;891,606069495686;-118,033250441687;-0,352742134017478;0;0,079904218546801;0;1,42482548654011;0;0;8,88167206280634;0
0,369880952380952;-112,217717220201;966,586671102936;-150,181623077873;-0,287650603970763;0;0,468990177694542;121,408840725855;892,016673416916;-119,553452770397;-0,352632169316542;0;0,0792206948774063;0;1,39530760313514;0;0;8,83892811617288;0
0,370833333333333;-111,526855473923;966,611166650266;-150,984409672309;-0,287749724623777;0;0,468241737117619;120,946280148492;892,619551833823;-120,767868472462;-0,352529723830232;0;0,078594446760977;0;1,36574744884521;0;0;8,79344559856;0
0,371785714285714;-110,708385521216;966,626679430679;-151,525236944057;-0,287823777406931;0;0,467518197597687;120,416888032337;893,360738976785;-121,661706338258;-0,352433470425052;0;0,0780226846249725;0;1,33614497554598;0;0;8,74659088630938;0
0,372738095238095;-109,806594790135;966,609907189322;-151,835028097618;-0,287879360276083;0;0,466819264721499;119,841768361955;894,167114772092;-122,239207099488;-0,352341874357845;0;0,0775002673415886;0;1,30650013629257;0;0;8,69985617154973;0
0,373690476190476;-108,865788859148;966,537548134342;-151,944730987339;-0,287923074991788;0;0,466144644022383;119,242034583145;894,965532726307;-122,504637738804;-0,352253400599098;0;0,0770220505394966;0;1,27681288414171;0;0;8,65473381994873;0
0,374642857142857;-107,930273306727;966,386300473885;-151,885293467566;-0,287961523314602;0;0,465494041033669;118,638800141702;895,68284634599;-122,462265238861;-0,352166514119295;0;0,0765828898473681;0;1,24708317215013;0;0;8,61271619717411;0
0,375595238095238;-107,044353711342;966,132862416097;-151,687663392648;-0,288001307005079;0;0,464867161288688;118,053178483423;896,245909137701;-122,116356582313;-0,352079679888924;0;0,0761776408938742;0;1,21731095337457;0;0;8,57529566889356;0
0,376547619047619;-106,252335651462;965,753932169127;-151,38278861693;-0,288049027823775;0;0,46426371032077;117,506283054107;896,581574608003;-121,471178751815;-0,351991362878469;0;0,0758011593076864;0;1,18749618087178;0;0;8,5439646007748;0
0,3775;-105,598524705559;965,226207941119;-151,001616994759;-0,288111287531245;0;0,463683393663243;117,01922729955;896,616696263455;-120,530998730021;-0,351900028058416;0;0,0754483007174759;0;1,15763880769847;0;0;8,52021535848552;0
0,378452380952381;-105,115254254614;964,533666839841;-150,571358188036;-0,288193310008898;0;0,463125433051516;116,606360595575;896,297593836585;-119,311277603247;-0,351804435625519;0;0,075113846125237;0;1,12773878809509;0;0;8,50498718873392;0
0,379404761904762;-104,786968889658;963,689401571535;-150,104269088875;-0,288294807621555;0;0,462587115029309;116,254976038108;895,648451963791;-117,872252872459;-0,351704526681604;0;0,074792278026255;0;1,09779608103686;0;0;8,49700686239014;0
0,380357142857143;-104,586141004232;962,713783742062;-149,608868396944;-0,288414114854891;0;0,46206524234242;115,9456026531;894,712921507436;-116,285356142285;-0,351600537554766;0;0,0744780042891379;0;1,0678106466827;0;0;8,49444803136478;0
0,381309523809524;-104,485242991878;961,627184957283;-149,093674811909;-0,288549566194581;0;0,461556617736645;115,658769466505;893,534653329882;-114,622019017354;-0,351492704573097;0;0,0741654327824939;0;1,03778244519153;0;0;8,49548434756845;0
0,382261904761905;-104,456747246138;960,449976823061;-148,567207033439;-0,288699496126299;0;0,461058043957782;115,375005504273;892,157298293494;-112,953673102295;-0,351381264064692;0;0,0738489713749311;0;1,00771143672225;0;0;8,49828946291178;0
0,383214285714286;-104,473126160555;959,202530945257;-148,0379837612;-0,288862239135721;0;0,46056632375163;115,074839792356;890,624507260634;-111,351750001734;-0,351266452357645;0;0,0735230279350575;0;0,977597581433808;0;0;8,50103702930537;0
0,384166666666667;-104,50685212867;957,905218929731;-147,51452369486;-0,289036129708521;0;0,460078259863986;114,738801356708;888,979931093667;-109,887681320301;-0,351148505780049;0;0,0731820103314812;0;0,947440839485105;0;0;8,50190069865984;0
0,385119047619048;-104,530408417086;956,578393796349;-147,005341603332;-0,289219502092262;0;0,459590656923685;114,347430285193;887,267193956278;-108,632862291464;-0,351027659606885;0;0,0728203302362514;0;0,917241171036832;0;0;8,49905498666496;0
0,386071428571429;-104,524161262318;955,228933717017;-146,516102458225;-0,289410517902955;0;0,459101684761798;113,88928655384;885,510563471304;-107,632319057391;-0,350903385605905;0;0,0724351568160582;0;0,886998537528939;0;0;8,49130064889721;0
0,38702380952381;-104,490255643951;953,826489111279;-146,044597929079;-0,28960686181731;0;0,458613284933645;113,375087153831;883,680829811479;-106,85822632595;-0,350773046158681;0;0,0720312775296843;0;0,856712903935709;0;0;8,47916859057873;0
0,38797619047619;-104,434566001818;952,334335401648;-145,587271436506;-0,289806136839452;0;0,458128044876429;112,819343313091;881,739625503316;-106,270283496985;-0,350633642428881;0;0,0716147844161356;0;0,826384235836647;0;0;8,46348599318152;0
0,388928571428571;-104,362966775751;950,715748010634;-145,140566401116;-0,290005945973509;0;0,457648552027357;112,236566259547;879,648583073328;-105,828189970341;-0,350482175580175;0;0,0711917695144179;0;0,796012498811261;0;0;8,44508003817756;0
0,389880952380952;-104,281332405582;948,934002360748;-144,700926243519;-0,290203892223608;0;0,457177393823632;111,641267221124;877,369335048024;-105,491645145864;-0,350315646776231;0;0,0707683248635372;0;0,765597658439052;0;0;8,42477790703884;0
0,390833333333333;-104,19413599208;946,955926874924;-144,26445708998;-0,290398018063975;0;0,45671663599254;111,044888222024;874,866134461358;-105,223149066607;-0,350131901948584;0;0,0703495554326212;0;0,735139680646157;0;0;8,40323450635761;0
0,391785714285714;-104,097667306131;944,769098255516;-143,825295385779;-0,290588932320476;0;0,456265297657968;110,44094821047;872,118537193919;-105,001556552155;-0,349933720177557;0;0,0699348020480389;0;0,704638533382857;0;0;8,38009871769941;0
0,392738095238095;-103,985254104562;942,36860319119;-143,376864636253;-0,290778172728079;0;0,45582129520418;109,816478750722;869,111638099749;-104,811642148991;-0,349725666131523;0;0,0695213191639676;0;0,674094185332099;0;0;8,35465528476445;0
0,393690476190476;-103,850220058664;939,749538729215;-142,912587363374;-0,290967278303008;0;0,455382543494418;109,158502458922;865,83053967285;-104,638188568741;-0,349512306941737;0;0,0691063583568299;0;0,64350660517783;0;0;8,32618844899379;0
0,394642857142857;-103,685888839728;936,90700191686;-142,425886089113;-0,291157788061487;0;0,454946957391925;108,454041951214;862,260344407226;-104,46597852303;-0,349298209739456;0;0,0686871712030486;0;0,612875761604016;0;0;8,29398245182849;0
0,395595238095238;-103,485584119044;933,836089801394;-141,910183335441;-0,291351241019738;0;0,454512451759945;107,690119843739;858,386154796879;-104,279794723483;-0,349087941655933;0;0,0682610092790461;0;0,582201623294602;0;0;8,2573215347096;0
0,396547619047619;-103,242629567902;930,531899430085;-141,358901624328;-0,291549176193984;0;0,454076941461721;106,85375875264;854,193073335815;-104,064419881725;-0,348886069822424;0;0,0678251241612452;0;0,551484158933549;0;0;8,21548993907821;0
0,3975;-102,950348857594;926,989527850201;-140,765463477746;-0,29175313260045;0;0,453638341360495;105,931981294062;849,666202518033;-103,804636709381;-0,348697161370184;0;0,0673767674260682;0;0,520723337204804;0;0;8,16777190637537;0
0,398452380952381;-102,603611463301;923,202782829403;-140,124294066829;-0,291964361020932;0;0,453194928437206;104,914985276035;844,795239593557;-103,488002983463;-0,348524040558882;0;0,0669147886981223;0;0,489919127101281;0;0;8,11359651458948;0
0,399404761904762;-102,203470075767;919,160315016914;-139,43382915936;-0,292182959299522;0;0,452746428143569;103,805669274148;839,588260836473;-103,113176742531;-0,348362560161844;0;0,0664444297947512;0;0,459071498851687;0;0;8,05297218789832;0
0,400357142857143;-101,75252318963;914,849485782351;-138,693507172288;-0,292408737045883;0;0,452292928048993;102,610107055881;834,057937276885;-102,681591090534;-0,348206830080812;0;0,0659725305814832;0;0,428180422993685;0;0;7,98605218702696;0
0,401309523809524;-101,253369299525;910,257656495328;-137,90276652256;-0,292641503869683;0;0,451834515722888;101,334372388713;828,216939944897;-102,194679131419;-0,348050960217524;0;0,0655059309238466;0;0,397245870064941;0;0;7,91298977270053;0
0,402261904761905;-100,708606900088;905,372188525462;-137,061045627122;-0,292881069380585;0;0,451371278734664;99,9845390401206;822,077939870616;-101,653873969134;-0,347889060473723;0;0,0650514706873696;0;0,366267810603119;0;0;7,83393820564413;0
0,403214285714286;-100,120834485955;900,180443242368;-136,167782902923;-0,293127243188255;0;0,450903304653731;98,5666807775839;815,653608084143;-101,060608707626;-0,347715240751148;0;0,0646159897375804;0;0,335246215145878;0;0;7,74905074658284;0
0,404166666666667;-99,4926505517637;894,669782015661;-135,222416766909;-0,293379834902357;0;0,450430681049499;97,086871368581;808,956615615585;-100,416316450842;-0,347523610951539;0;0,0642063279400072;0;0,304181054230884;0;0;7,65848065624178;0
0,405119047619048;-98,8266496458557;888,827561862991;-134,224380866018;-0,293638654685303;0;0,44995349635123;95,5511809983952;801,999622256405;-99,7224248656287;-0,347308284668151;0;0,0638293182400218;0;0,273072298394929;0;0;7,5623815278807;0
0,406071428571429;-98,122565254309;882,637984627369;-133,16965059043;-0,293903913439903;0;0,449472462382103;93,9630827605667;794,787139785015;-98,9764197190764;-0,34706605184085;0;0,0634867764695661;0;0,241919917544071;0;0;7,46114804239409;0
0,40702380952381;-97,3722264387603;876,076535165863;-132,044647001646;-0,294176929217965;0;0,448990013252207;92,3188746110343;787,301168986505;-98,1648962607537;-0,346801096509187;0;0,0631666573872026;0;0,210723879841773;0;0;7,35584094761742;0
0,40797619047619;-96,5661086824227;869,117205611538;-130,834155047975;-0,294459209662966;0;0,44850887800144;90,6136258126781;779,519855792896;-97,2725848138632;-0,346518868901523;0;0,06285454213783;0;0,179484153153103;0;0;7,24763505077754;0
0,408928571428571;-95,6946874685095;861,733988097462;-129,52295967772;-0,294752262418377;0;0,448031785669702;88,8424056283779;771,421346136206;-96,2842157016078;-0,346224819246221;0;0,0625360118663468;0;0,14820070534313;0;0;7,13770515910128;0
0,409880952380952;-94,7484382802337;853,900874756699;-128,095845839188;-0,295057595127674;0;0,447561465296891;87,0002833210135;762,983785948455;-95,1845192471897;-0,345924397771643;0;0,0621966477176514;0;0,116873504276912;0;0;7,02722607981545;0
0,410833333333333;-93,7178366008084;845,591857722316;-126,537598480685;-0,29537671543433;0;0,447100645922908;85,0823281534648;754,185321161661;-93,9582257738118;-0,34562305470615;0;0,0618220308366426;0;0,0855025178195168;0;0;6,91737262014686;0
0,411785714285714;-92,5933579134468;836,78092912738;-124,833002550515;-0,29571113098182;0;0,446652056587651;83,0836093886118;745,004097707844;-92,5900656046765;-0,345326240278105;0;0,0613977423682187;0;0,0540877138360099;0;0;6,80931958732236;0
0,412738095238095;-91,3654606641672;827,442123351703;-122,9669371521;-0,296062333954954;0;0,446218350935064;80,999257957954;735,418289588586;-91,0648670272786;-0,345039357326221;0;0,0609095022309993;0;0,0226290601804627;0;0;6,70423642593601;0
0,413690476190476;-90,0225417984012;817,554586631476;-120,935674157613;-0,29642994604017;0;0,445793059698367;78,831866695953;725,409467222368;-89,3793120084364;-0,344762074541819;0;0,0603598219638387;0;-0,00887347662356804;0;0;6,60264370201967;0
0,414642857142857;-88,5489945207736;807,10739318842;-118,757611890943;-0,296809956137813;0;0,445351995561037;76,5985205626599;714,965797374561;-87,5531041235742;-0,344482924048963;0;0,0597838249300144;0;-0,040419932636547;0;0;6,50380176290999;0
0,415595238095238;-86,9287520316457;796,090757906422;-116,453690864048;-0,297197935764294;0;0,444868935515727;74,3179695708523;704,076204688684;-85,6085919839981;-0,344189158451224;0;0,0592203813832694;0;-0,072010344215836;0;0;6,40682616485951;0
0,416547619047619;-85,1457475313783;784,494895669369;-114,044851588886;-0,297589456436025;0;0,444317656555091;72,0089637333077;692,729613808255;-83,5681242010137;-0,343868030352175;0;0,0587083615773467;0;-0,103644747718802;0;0;6,31083246412071;0
0,4175;-83,1839142203331;772,310021361148;-111,552034577415;-0,297980089669416;0;0,443671935671781;69,690253062804;680,914949376794;-81,4540493859275;-0,343506792355386;0;0,0582866357659894;0;-0,135323179502806;0;0;6,21493621694613;0
0,418452380952381;-81,0327570451413;759,52870595927;-108,989297954314;-0,298366272081657;0;0,442916240061555;67,3752493747374;668,621910645865;-79,2811730958052;-0,34309627397385;0;0,0579821770266621;0;-0,167045677272756;0;0;6,11831430363889;0
0,419404761904762;-78,7040679375153;746,152944815739;-106,343170295149;-0,298747900693044;0;0,442077797732579;65,0560116949778;655,843295299205;-77,0341286707527;-0,342641612358235;0;0,0577743697317152;0;-0,198812284123758;0;0;6,02038890070451;0
0,420357142857143;-76,2152105754369;732,187089376179;-103,593297788206;-0,299125737624655;0;0,441194526896125;62,719260852013;642,572675628594;-74,6900063966351;-0,34215152156863;0;0,0576307010772205;0;-0,230623044498471;0;0;5,92064350869912;0
0,421309523809524;-73,5835486368886;717,635491086219;-100,719326621769;-0,299500544997564;0;0,440304345763461;60,3517176743313;628,803623925813;-72,2258965593178;-0,341634715665124;0;0,0575186582592501;0;-0,262478002839547;0;0;5,81856162817885;0
0,422261904761905;-70,8264457998526;702,502501391486;-97,7009029841267;-0,299873084932846;0;0,43944517254586;57,9401029904207;614,529712482643;-69,6188894446664;-0,341099908707804;0;0,0574057284738759;0;-0,294377203589641;0;0;5,71362675969984;0
0,423214285714286;-67,9612657423115;686,792471737608;-94,5176730635641;-0,300244119551579;0;0,438654925454591;55,4711376287698;599,744513590867;-66,8460753385466;-0,340555814756761;0;0,0572593989171698;0;-0,326320691191406;0;0;5,60532240381821;0
0,424166666666667;-65,0053721422469;670,509753570208;-91,1492830483672;-0,300614410974836;0;0,437971522700924;52,9315424178661;584,441599542262;-63,8845445268232;-0,340011147872082;0;0,0570471567852036;0;-0,358308510087502;0;0;5,4931320610901;0
0,425119047619048;-61,9761176961025;653,658679994576;-87,5753891278232;-0,300984722056227;0;0,437432844106589;50,3080468793495;568,614556415308;-60,7114174945197;-0,339474613034431;0;0,0567365209706676;0;-0,390340704723924;0;0;5,37653991304875;0
0,426071428571429;-58,8828934846792;636,2302873695;-83,7828982170097;-0,301356346734793;0;0,437048937075718;47,5936830695873;552,266965643692;-57,3257091159697;-0,338948332641309;0;0,0563179904144243;0;-0,422417321970806;0;0;5,25552384963687;0
0,42702380952381;-55,7130945665248;618,178876352754;-79,7787492361851;-0,301732046210445;0;0,436752954760796;44,7988954270982;535,430023414864;-53,7869231783177;-0,338416243001841;0;0,0558455523835285;0;-0,454538415395587;0;0;5,13142575796141;0
0,427976190476191;-52,4503493323735;599,452456865494;-75,5733114489828;-0,302114832941447;0;0,436464882701569;41,9371101413138;518,139654753294;-50,1649217797895;-0,337859166182359;0;0,0553840660850671;0;-0,486704039712572;0;0;5,00582110028033;0
0,428928571428572;-49,0782861729593;579,999038828875;-71,1769541190355;-0,302507719386059;0;0,436104706437782;39,0217534016656;500,431784683452;-46,5295670186109;-0,337257924249193;0;0,0549983907261269;0;-0,518914249636062;0;0;4,88028533885156;0
0,429880952380952;-45,5805334790163;559,766632164054;-66,6000465099766;-0,302913718002544;0;0,435592411509183;36,0662513975855;482,342338229808;-42,9507209930078;-0,336593339268676;0;0,0547533855137948;0;-0,55116909988036;0;0;4,75639393593305;0
0,430833333333333;-41,940719641278;538,703246792184;-61,8529578854381;-0,303335841249163;0;0,434847983455518;33,0840303185045;463,907240416828;-39,4982458012053;-0,335846233307139;0;0,0547139096551575;0;-0,583468645159775;0;0;4,63572235378272;0
0,431785714285714;-38,1424730504786;516,756892634422;-56,9460575090534;-0,303777101584179;0;0,433791407816531;30,0885163538543;445,162416268983;-36,2420035414291;-0,334997428430915;0;0,0549448223573019;0;-0,615812940188609;0;0;4,51984605465851;0
0,432738095238095;-34,1695765193493;493,876077575014;-51,88961425723;-0,304240553240779;0;0,432343360890324;27,0930918396976;426,14372497394;-33,2513588689241;-0,33402787325192;0;0,0555105193997569;0;-0,648202039696378;0;0;4,41033319418991;0
0,433690476190476;-30,0244979223094;470,069563032304;-46,681750152099;-0,304734305218042;0;0,430508100735948;24,1058328544736;406,879059466529;-30,5354858382343;-0,332933828397897;0;0,0564193218275431;0;-0,68063600025334;0;0;4,30786782596431;0
0,434642857142857;-25,745994303172;445,463131751186;-41,2969962178173;-0,305276283622363;0;0,428452213625865;21,1245099349553;387,380841033502;-27,9866594033695;-0,331741292709148;0;0,0575706452095701;0;-0,713114882004751;0;0;4,211416945884;0
0,435595238095238;-21,3769920996802;420,19601148003;-35,7071730234554;-0,305885542483106;0;0,426360936308122;18,1457095769587;367,659713368001;-25,4837235578527;-0,330479681756776;0;0,0588513925706833;0;-0,745638745506605;0;0;4,11975027088321;0
0,436547619047619;-16,9604177495778;394,407429967207;-29,8841011380841;-0,306581135829633;0;0,424419505530767;15,1660182762999;347,72632016317;-22,9055222952069;-0,329178411111886;0;0,0601484669357285;0;-0,778207651314899;0;0;4,03163751789617;0
0,4375;-12,5391976906075;368,236614961084;-23,799601130773;-0,307382117691307;0;0,422813158041847;12,1820225287941;327,591305112149;-20,1308996089549;-0,327866896345582;0;0,0613487713295513;0;-0,810821659985634;0;0;3,94584840385708;0
0,438452380952381;-8,1562583605129;341,822794210032;-17,4254935705928;-0,308307542097491;0;0,421727130589407;9,19030883025746;307,265311908081;-17,0386994926195;-0,326574553028969;0;0,0623392087769973;0;-0,843480832074805;0;0;3,86115264570019;0
0,439404761904762;-3,85452619703733;315,305195462421;-10,7335990266141;-0,309376463077547;0;0,421346659921496;6,18746367650585;286,758984244111;-13,5077659397239;-0,325330796733152;0;0,0630066823029122;0;-0,87618522813841;0;0;3,77631996035971;0
0,440357142857143;0,322432660621475;288,823085552043;-3,69898160403858;-0,31060788568749;0;0,421848375936936;3,17101629138834;266,083588033961;-9,41982553856664;-0,324162826372573;0;0,0632448489328781;0;-0,908934908742605;0;0;3,6905968563105;0
0,441309523809524;4,30207596666351;262,517501737412;3,55637441830505;-0,312018596672066;0;0,423019050141928;0,18119798706244;245,278573479105;-4,7871757444897;-0,322997434524766;0;0,0632532969110276;0;-0,941729934913847;0;0;3,6248267329233;0
0,442261904761905;7,971655054269;236,531937868028;10,7066225092171;-0,313622304710424;0;0,424104497630341;-2,68250772164741;224,422498496734;0,196709567397363;-0,321622092791196;0;0,0636561159351964;0;-0,974570368317275;0;0;3,62982022084472;0
0,443214285714286;11,2154596758126;211,010068744407;17,4108997665218;-0,315432491753252;0;0,42431068697186;-5,31625283828261;203,596801654871;5,3250111758029;-0,319814010473969;0;0,0651086642251491;0;-1,00745627066507;0;0;3,75859531896497;0
0,444166666666667;13,9177795836696;186,095569167057;23,3283432880453;-0,317462639751236;0;0,42284358673617;-7,6161893663852;182,882921521538;10,3909098594366;-0,31735039687519;0;0,0682663000006506;0;-1,04038770366943;0;0;4,06417002617431;0
0,445119047619048;15,9629663747707;161,932135653724;28,1182388787206;-0,319726069525955;0;0,418909782575052;-9,47851634569763;162,362344604896;15,1876179988442;-0,314008569354049;0;0,0737840350380094;0;-1,0733647290402;0;0;4,59951956091113;0
0,446071428571429;17,2802089491553;138,679209714506;31,5476849972841;-0,322119283294156;0;0,412163244660422;-10,8335340617411;142,151314014309;19,5312593067551;-0,309644186654095;0;0,0820657096078775;0;-1,10638740679883;0;0;5,38660331402643;0
0,44702380952381;17,9225708525541;116,539732472861;33,6816404411855;-0,324216041665039;0;0,403493958603963;-11,7057563107879;122,462096958725;23,3012559763975;-0,30432934585388;0;0,0928212377383819;0;-1,13945579230201;0;0;6,36169143132611;0
0,44797619047619;17,9643283134104;95,7240940624189;34,6360705461569;-0,325534837963036;0;0,394003569176537;-12,1358303060785;103,523404114969;26,3878696312615;-0,29817320761104;0;0,105641703352217;0;-1,17256994010767;0;0;7,44638036363363;0
0,448928571428572;17,479757560167;76,4426846168138;34,5269406479297;-0,32559416551258;0;0,384793721149007;-12,1644032608534;85,563946159869;28,6813618948356;-0,291284932583211;0;0,120118190372076;0;-1,20572990477374;0;0;8,56226656177219;0
0,449880952380952;16,5431348212668;58,9058942696782;33,4702160822357;-0,323912517638103;0;0,376966059292235;-11,8321223883532;68,8124337702514;30,0719943906091;-0,283773681428028;0;0,135841782720652;0;-1,23893574085811;0;0;9,63094647656507;0
0,450833333333333;15,228736325153;43,324113154646;31,5818621848068;-0,320008387664038;0;0,371622228377085;-11,1796349018185;53,4975776229442;30,4500287420711;-0,275748614803129;0;0,152403564320635;0;-1,27218750291871;0;0;10,5740165588355;0
0,451785714285714;13,6108383002682;29,9077314053471;28,9778442913744;-0,313400268914815;0;0,369863873174419;-10,2475880144897;39,8480883947714;29,7057265727108;-0,267318893366149;0;0,169394619094723;0;-1,30548524551347;0;0;11,3130732594068;0
0,452738095238095;11,7637235648448;18,865854455131;25,7742828262208;-0,303609579396762;0;0,372788499138977;-9,07673833745903;28,0916380952038;27,7305134876529;-0,258594171338967;0;0,186406096359155;0;-1,33882902323522;0;0;11,7698799729464;0
0,453690476190476;9,76247230161636;10,2521390029202;22,1060639282308;-0,290511623625386;0;0,380992754474735;-7,72107962187821;18,3302199835114;24,5566568699422;-0,249743824216941;0;0,203037058049593;0;-1,37221889490479;0;0;11,886400299256;0
0,454642857142857;7,68371329379455;3,81833718077723;18,1445195456414;-0,274669006361294;0;0,394100548096988;-6,2603141140555;10,4217404900635;20,4899597870131;-0,241053215092681;0;0,218901933585689;0;-1,4056549275543;0;0;11,6438296414975;0
0,455595238095238;5,60425324890115;-0,718485786917168;14,0651690175516;-0,256723298776235;0;0,411624027385737;-4,77709780229586;4,1960620265899;15,8676528104641;-0,232821033293375;0;0,23361691801292;0;-1,43913718915931;0;0;11,0278708866233;0
0,456547619047619;3,60089887445795;-3,64126467578217;10,04353168306;-0,237316072041956;0;0,433075339720984;-3,35408667490429;-0,516952995179696;11,0269665118937;-0,22534596814621;0;0,24679820637676;0;-1,47266574769536;0;0;10,0242269215855;0
0,4575;1,75045687798691;-5,23293426143691;6,25512688126599;-0,217088897330207;0;0,457966632482726;-2,07393672018587;-3,88744216351528;6,30513146290085;-0,218926708978373;0;0,258061993722683;0;-1,50624067113801;0;0;8,61860063333666;0
